ID,aSagH_0,aSagH_2,aSagH_4,aSagH_6,aSagH_8,aSagH_10,aSagH_12,aSagH_14,aSagH_16,aSagH_18,aSagH_20,aSagH_22,aSagH_24,aSagH_26,aSagH_28,aSagH_30,aSagH_32,aSagH_34,aSagH_36,aSagH_38,aSagH_40,aSagH_42,aSagH_44,aSagH_46,aSagH_48,aSagH_50,aSagH_52,aSagH_54,aSagH_56,aSagH_58,aSagH_60,aSagH_62,aSagH_64,aSagH_66,aSagH_68,aSagH_70,aSagH_72,aSagH_74,aSagH_76,aSagH_78,aSagH_80,aSagH_82,aSagH_84,aSagH_86,aSagH_88,aSagH_90,aSagH_92,aSagH_94,aSagH_96,aSagH_98,aSagH_100
CP105,51.4088198344,50.9333506761,50.2437166245,49.185244584,47.7193461595,45.9102838788,43.8592242,41.6450135715,39.3008966642,36.8250604217,34.2073592053,31.4551941088,28.610499355,25.7497565359,22.9574415115,20.2834876932,17.7154730015,15.1916512475,12.6439623326,10.0415944796,7.4135812444,4.8499889133,2.4829577775,0.460412944,-1.0631195269,-1.9215175942,-1.9603008929,-1.1042997874,0.6121677361,3.1099932156,6.3326143649,10.2361876991,14.7383071265,19.6694718927,24.7628442131,29.7088851935,34.2491440731,38.2448011399,41.6792823935,44.6066948907,47.0913446083,49.1631181901,50.7975575609,51.9331443372,52.5292134149,52.6230984075,52.3405672074,51.8495614755,51.2980003018,50.7759060315,50.3035227458
CP111,37.9570602417,36.8320037151,35.1505794659,33.1967434723,31.1492663037,29.1428663551,27.2965972934,25.6652304845,23.4546274861,21.0309595464,18.7002258068,16.4803666613,14.4217153791,12.5283508644,10.7190505404,8.9268044122,7.180073149,5.5031391201,3.7653583215,1.7626471518,-0.3794104087,-2.7851452788,-5.1795387197,-7.5655467035,-9.5015625375,-10.6928490122,-10.9775824686,-10.2100442622,-8.4688710989,-5.7614702042,-2.1592804949,1.9121604745,6.0485794743,10.5499582397,14.8833363715,18.9607789238,22.7198076091,25.8641129993,28.6167122452,30.9204991061,32.8787662192,34.6290509562,36.2533981467,37.575977488,38.3569982028,38.8156114212,38.8558678903,38.6256239671,38.3143715941,37.7746247855,36.6164680481
CP113,34.5434780121,33.5681397043,32.1959002858,30.5241252562,28.655008859,26.6358783602,24.4728673241,22.1765692067,19.786188792,17.3721638234,15.0233147995,12.8197639759,10.8066087105,8.9849851903,7.3202757474,5.756799078,4.23322782,2.6961893371,1.1108998189,-0.5300173941,-2.2016793452,-3.8479891679,-5.3838087708,-6.6948657551,-7.645027979,-8.0952568585,-7.9273780012,-7.0636816168,-5.4768415688,-3.1871757873,-0.2582753735,3.1948190747,6.9898100564,10.8843958761,14.6279287388,18.0202444658,20.9340739322,23.3119299298,25.1623355974,26.5601335839,27.636101418,28.5476636612,29.4414543392,30.4251994455,31.5496780847,32.7962101108,34.0765544771,35.2579868818,36.2087154647,36.8334012868,37.0779209137
CP127,39.2809944153,37.9540856917,37.5659793235,37.8983168411,36.4844406929,34.0090326734,31.8813410542,29.772771226,27.6570922217,25.4819224852,23.1202380246,20.872999181,18.8827908877,17.2470864426,15.8665790076,14.5264417744,13.084193429,11.7388436971,10.107015953,8.1980427219,6.0670467847,3.9574439766,1.7536048235,-0.276746617,-1.9848107401,-3.0393682637,-3.482129853,-3.0323394153,-1.7638806322,0.1209057275,2.4752227849,5.5574651625,9.2310084594,13.0371520892,16.6497729812,20.0886004821,23.035209555,25.9048678075,28.7952414543,31.2529220813,33.4359400638,35.3433228661,36.7335926526,37.5446571562,38.1110853608,38.2040156713,37.9181524204,37.5175609996,37.1161296274,36.4759460206,35.641003418
CP157,34.1971995036,35.3121766025,36.0607468177,35.6243888221,34.5660087308,33.649149515,32.6413236276,31.0351730793,28.675158096,25.8697646795,22.9735036157,20.1421855654,17.3702219597,14.6146867906,11.8465293032,9.0613384034,6.2643501469,3.4667008684,0.7115501339,-1.887515688,-4.1744816726,-6.0491303324,-7.5390097114,-8.7776969492,-9.8824644095,-10.8316921875,-11.4622449527,-11.5833223829,-11.0794396241,-9.9468707363,-8.2175704059,-5.8379415953,-2.7542676567,0.961532091,5.1190955024,9.3972942036,13.4722924762,17.1955831395,20.581686901,23.6819844828,26.4791967535,28.8782153819,30.7533071543,32.0003822122,32.601669013,32.6752712212,32.4349483822,32.0894613351,31.8332168552,31.9338582024,32.6353155772
CP162,36.2317848206,35.6229853732,35.0802740626,34.4925082032,33.6882924193,32.4976272819,30.8096585509,28.6137612629,26.0094589755,23.177991719,20.323071605,17.6040912095,15.0944572271,12.7838221356,10.6125371627,8.5151557294,6.4564414972,4.4476776247,2.5367888393,0.7808396243,-0.7823388716,-2.1484395754,-3.3344181771,-4.3406160632,-5.1121446798,-5.5264881728,-5.4156601446,-4.6151418073,-3.020601814,-0.6279103507,2.4606131639,6.0640311789,9.9683092525,13.9676509343,17.8883563336,21.594556119,24.9832726023,27.9785816001,30.5287826207,32.6044673294,34.1945903263,35.3056760365,35.9699625744,36.2503386564,36.2324802182,36.0052520551,35.6415437579,35.1938643253,34.7054502971,34.2222288502,33.7905158997
CP164,27.8313093185,32.8893766601,32.1181038134,30.9646644382,29.1955517372,26.9757024285,24.7118186463,22.6453767203,20.7241193604,18.7284985197,16.5115567401,14.1352607864,11.7655991811,9.489924527,7.2415463724,4.8941347708,2.4148012173,-0.008196026,-2.2902144826,-4.3195952166,-6.0570584974,-7.5374909569,-8.7646797049,-9.6651053172,-10.1094518631,-9.996113605,-9.3346961221,-8.2389842389,-6.8023540972,-4.9626935511,-2.5126924892,0.6965939385,4.5784414045,8.8462425089,13.1724760412,17.3355101379,21.2325748104,24.7938240172,27.9227987155,30.501886629,32.4363581444,33.7004339627,34.3593585873,34.5624443873,34.5020733592,34.3370033222,34.1171278968,33.7874353422,33.3018579633,32.7140638714,32.1324100494
CP169,33.8157730103,34.2701479336,34.9174211252,35.1554722327,34.4343335531,32.8081934118,30.8279731823,28.9678569825,27.3890261569,25.9625436205,24.4755826515,22.8860088519,21.3209877268,19.8878088486,18.5545812,17.1958475762,15.69820783,14.0079403529,12.1076288755,9.9880816148,7.6549553744,5.1463276365,2.5219972759,-0.1313236446,-2.6429655532,-4.727334224,-6.040231037,-6.2996898677,-5.4151604619,-3.5306227607,-0.9186386057,2.2080431844,5.7690474342,9.7328963544,14.0252291326,18.4565839475,22.7353210363,26.5940338862,29.8670440377,32.458509863,34.3102337561,35.4225253446,35.8778749592,35.8305570623,35.4735175018,34.9947694163,34.5431790316,34.1998321825,33.9491477346,33.7868690909,33.8661048889
CP171,39.2981233597,39.3942298172,39.3469248813,39.1518296522,38.3902425973,37.0600180255,35.9937309639,34.794031936,33.1773029569,31.0263556788,28.5909773308,26.1442435008,23.8081770923,21.4722332324,19.2785972585,17.0345545508,14.7304919175,12.3197656966,9.7099620633,7.2465436021,4.8034067379,2.6111043168,0.7615691776,-0.7238743375,-1.8069668905,-2.5634490851,-2.8828024409,-2.5328310411,-1.4004553302,0.3690832375,3.0752672189,6.8280130068,11.3118982775,15.8454582575,20.1569465405,24.1202087624,27.6712173004,30.7285173434,33.2147809114,35.3122288265,36.8240951142,37.9736025517,38.7586808638,39.2795122566,39.4341732207,39.4089515792,39.1211084549,38.8149394674,38.6906801802,38.7775684669,38.8097639084
CP177,42.4063659668,42.2270820018,41.818046452,41.2006263737,40.3748522069,39.2894000373,37.8678815316,36.0630834662,33.9024240881,31.4962920116,29.0029289547,26.5728277068,24.3035599564,22.2223709805,20.2974729877,18.4661831509,16.6644363417,14.8472998508,12.9973821894,11.1236059199,9.2560267484,7.4413929792,5.742140844,4.2375325726,3.0227113544,2.2019290416,1.875652561,2.1262364311,3.0075941215,4.5417485825,6.7195231691,9.4998263067,12.8049962494,16.5140142123,20.4605578581,24.4420954582,28.2418788532,31.6568766392,34.5224621408,36.7327395362,38.2606432096,39.1706211398,39.6091167042,39.7703018408,39.8487580459,39.9876593539,40.2382334623,40.567638015,40.912384212,41.2078952103,41.3783439636
CP180,28.4897476832,27.3545103205,26.2531203789,25.1790806404,24.1003882164,22.9744230281,21.7648727105,20.4542098253,19.0478511522,17.5703230924,16.0553793645,14.5345096628,13.0279564296,11.540273148,10.0609229662,8.5685823347,7.0373517259,5.4441151768,3.7766750271,2.0419401551,0.2735712793,-1.4628907639,-3.0699202394,-4.4247334853,-5.3934667855,-5.8502569485,-5.6971339271,-4.8799995304,-3.3977377357,-1.3033908896,1.3013841178,4.2781892603,7.4695816404,10.7206762262,13.9002972151,16.9161973289,19.7196561179,22.2965862005,24.6487153162,26.7728632365,28.6482070364,30.2356592929,31.4864422754,32.3545810765,32.809531863,32.8478837039,32.5013267206,31.8364742914,30.9438331536,29.9198450496,28.8489290873
CP181,32.1705527306,30.8433638954,29.7449091389,28.1754592608,26.3727307711,25.1835469352,24.3755083232,23.5051630168,22.3196138726,21.0651390506,19.8093161984,18.6057169514,17.5105140889,16.4993507121,15.5124007401,14.5296761691,13.4531994791,12.3839485431,11.2266506909,9.9079554179,8.4129657881,6.9818131527,5.596569578,4.3316348821,3.3534282827,2.8749952825,2.9294025394,3.5576937767,5.164933309,7.7294422737,10.7337307829,14.2253202746,18.1177717267,22.3718408812,26.5409104927,30.3188518092,33.6169080152,36.3274169474,38.4142422899,39.7986063146,40.4764125379,40.6172391262,40.3624182258,39.9311735726,39.6704365333,39.3494035912,38.6707478058,37.4398618018,35.4812590675,33.6469796398,32.2115578651
CP183,32.1413536072,32.0461759943,31.5023295736,30.2019338689,28.5771122355,27.4749177922,26.8859044076,25.9713257336,24.1555242644,21.6511721703,18.9662269629,16.431294212,14.1287038505,11.9894257197,9.891396708,7.679693041,5.2105845884,2.4661666847,-0.4065453223,-3.1944716086,-5.7473234385,-8.0098698107,-9.9720704613,-11.6143742148,-12.8415856563,-13.4689136148,-13.3318866026,-12.3840572998,-10.6731336864,-8.2519373331,-5.1641361267,-1.522211904,2.4928401596,6.687024477,10.8494559829,14.7494339904,18.210102646,21.1634268383,23.6157682355,25.5761045605,27.0364373892,28.0289468327,28.6672901745,29.1203375031,29.5429229529,29.9648824742,30.2803435679,30.4551351296,30.5852908663,30.7524486867,30.9536922455
CP184,39.2297789256,38.7418586215,38.1314835768,37.3707005174,36.4413998242,35.3264010323,34.0067408953,32.470409489,30.7228602883,28.7890219574,26.7060188812,24.5140626754,22.2517902277,19.9564703937,17.6662444159,15.4208118254,13.2592123974,11.2153434275,9.3132833707,7.5653615544,5.9752498571,4.5468293507,3.2970306049,2.2676292463,1.5300776336,1.1795105565,1.318976726,2.0386423457,3.3946723448,5.3910820126,7.9676943928,10.9997749177,14.3133743723,17.715634232,21.0316516361,24.1354315362,26.9635634491,29.5077976338,31.7915963146,33.8419489496,35.6679361624,37.2525492461,38.5584915587,39.5444599113,40.1867930053,40.4971604453,40.5268813591,40.3538051869,40.0571882409,39.6918113417,39.2736352285
CP187,41.8571357727,41.0282508797,39.9068804121,38.568262872,37.2217920316,35.9708890863,34.7020821484,33.1813099568,31.2429817796,28.9223760689,26.3979412492,23.8400174868,21.3210314654,18.8204370924,16.2775500247,13.6463424117,10.9275158187,8.1700025813,5.4508759217,2.8571408822,0.485507869,-1.5478959465,-3.107770491,-4.0562878604,-4.2787859041,-3.7107466536000002,-2.3587379458,-0.3008576156,2.3438416683,5.4666280539,8.9973687951,12.8720701169,16.9731219274,21.1121804488,25.0849504265,28.7477026804,32.0403846456,34.9491035532,37.4622523927,39.5642880624,41.2591789486,42.5844884075,43.5958036416,44.3338738011,44.7917669823,44.9126898077,44.6585924576,44.0898175095,43.3556781329,42.5977899449,41.8454742432
CP27,27.7703898294,26.890664514,25.8572476781,24.6550798502,23.3565049941,22.0598179825,20.8109886043,19.5703846918,18.2235604399,16.6387315452,14.7499429724,12.5987625755,10.3032158384,7.9862609912,5.718807413,3.50846218,1.3266459014,-0.8519413338,-3.0182593072,-5.1151248387,-7.0402454521,-8.6634292472,-9.8541377814,-10.5105778744,-10.5770441185,-10.0435686966,-8.9295899574,-7.2620081551,-5.0655017261,-2.374983039,0.7436197967,4.1836784684,7.8029620078,11.4393127217,14.934010664,18.1555185331,21.0132685873,23.4596002728,25.485602852,27.114598924,28.3917371726,29.3674785799,30.0793098304,30.5390335611,30.7305744684,30.6248237555,30.2149390729,29.5534862205,28.7519100676,27.9286259134,27.1415928432
CP29,34.7327663422,32.9268584465,31.0531651203,29.1737353501,27.3187319795,25.4920723244,23.6901511242,21.9138429766,20.1660890572,18.4432291614,16.7330645641,15.0234878201,13.3117236022,11.6032740954,9.9030081999,8.2085630897,6.5124335804,4.8118437893,3.1204559707,1.4759632775,-0.0590706711,-1.4018682863,-2.4572823419,-3.1288406702,-3.3320842753,-3.0039615149,-2.1011394762,-0.5912841457,1.5442297116,4.2903312014,7.5793789488,11.2875159114,15.2431926585,19.2491687489,23.1209864291,26.7214301717,29.9678351696,32.8174707376,35.248627046,37.2483537054,38.8095574541,39.9360934792,40.6499846108,40.9913035513,41.0071157892,40.7355496731,40.1974324951,39.402538645,38.3632545666,37.1036790949,35.6586502075
CP31,37.9735374451,37.0869926124,35.8670022993,34.2892883346,32.4635024565,30.5058149419,28.4630694345,26.3044516527,23.9972333718,21.5716226768,19.1156280108,16.7191053777,14.4189078186,12.1943790504,10.0045081053,7.8221670517,5.6446051592,3.4871519298,1.3747413067,-0.6586774479,-2.5632788234,-4.267658328,-5.6821708898,-6.7125970663,-7.2754638596,-7.3047157877,-6.7492753641,-5.5712132218,-3.7506073723,-1.2955451642,1.7499944152,5.304666232,9.2520037679,13.4420212498,17.6992274718,21.8461959809,25.7358071958,29.2727234618,32.4123258447,35.141367164,37.4551605195,39.3360798205,40.7337933237,41.5646689506,41.7500820763,41.2960858023,40.373436835,39.2770224365,38.289798834,37.5506099294,36.9684051514
CP33,38.6480573018,37.4951595139,36.0523441769,34.2914611234,32.2655504327,30.1087244057,27.9610311699,25.8914803888,23.8817099982,21.854484127,19.7315239409,17.4887979087,15.1658626495,12.8324476016,10.54469848,8.3153713219,6.11378288,3.8925174985,1.6245902648,-0.6638215445,-2.8780994877,-4.8650805438,-6.4467395359,-7.463611502,-7.8103518468,-7.4502895924,-6.4074150716,-4.7406377671,-2.5129305143,0.2292436827,3.4525760733,7.105229762,11.0783699476,15.1939100372,19.2333424874,22.9921006037,26.3261022142,29.1680836656,31.5185799894,33.4268433005,34.9688273925,36.2266033643,37.2719584802,38.1515261771,38.8707955606,39.3878020772,39.6343517019,39.5578178306,39.1487292451,38.4352502497,37.4544130961
CP37,44.556804657,44.5278231538,44.9863457667,45.4741367452,45.5965071915,45.1698386545,44.1645921314,42.6195704003,40.648164352,38.4474874853,36.1956763729,33.9248669544,31.5135519514,28.7910516828,25.6543908316,22.1206560648,18.3130130858,14.4121478771,10.6032143909,7.0403143087,3.8354952739,1.0628965489,-1.2314917994,-3.0086160552,-4.1978804542,-4.6652635151,-4.2319729407,-2.7556669894,-0.223815368,3.213111147,7.2906949455,11.7119260487,16.2038381385,20.5389914739,24.5469967475,28.1304277688,31.2739036492,34.0293936022,36.4774296083,38.6848235343,40.6811667499,42.4594702846,43.9955551739,45.2728319075,46.2892809857,47.0209654963,47.388151403,47.337093539,46.9512600966,46.4276861884,46.023979187
CP39,40.4682525635,39.4472839735,38.1835539479,36.685802281,34.9768069556,33.0882765939,31.0582285452,28.9345471663,26.7780673324,24.6576353673,22.6352903342,20.7469998174,18.9879346363,17.3101393742,15.6338050199,13.8682746783,11.9367434711,9.7993751826,7.470213318,5.024440055,2.5931683691,0.3462923307,-1.5334465753,-2.8790709361,-3.5635919676,-3.5151507493,-2.7214603175,-1.224787605,0.8886985071,3.5020144663,6.4797001198,9.6809471122,12.9751990843,16.2576219682,19.4578671645,22.538501502,25.4852824747,28.2928455155,30.9504757602,33.4326207991,35.6980810061,37.696147099,39.376444423,40.6995451778,41.6470917016,42.227067368,42.4704989545,42.4188734718,42.1083802657,41.5586370651,40.7722518921
CP42,38.5409342448,37.5518895947,36.2623759436,34.7491815997,33.1033748626,31.3760924279,29.5743109554,27.6839356129,25.6890787486,23.5907777647,21.4216349832,19.2412455781,17.1136652786,15.0829678138,13.1599576299,11.3234837783,9.5324543368,7.7425009025,5.9223393201,4.0675599451,2.2101766615,0.4212447261,-1.1964220321,-2.5246750534,-3.4507892148,-3.8851051006,-3.7698148564,-3.0773166513,-1.8023065293,0.0435372011,2.4272684461,5.283718356,8.5099599413,11.9714688888,15.5179624185,19.0047129464,22.3136983281,25.3661261906,28.1216454866,30.5682901335,32.7106788623,34.5621192611,36.1418712132,37.4731735869,38.5764845645,39.4595412964,40.1124085953,40.5126894758,40.6323551098,40.436096023,39.8770999908
CP44,37.9419428507,37.0974291501,36.0998415364,34.9079436656,33.5152276441,31.899371517,30.0107929428,27.8203419145,25.3589072259,22.713575419,20.0056005641,17.3646856466,14.8942199952,12.6375082021,10.5707705299,8.6269415841,6.7308790554,4.8295185266,2.9101314243,1.002088999,-0.8343338444,-2.5217046855,-3.9747414127,-5.104162825,-5.8190445472,-6.0281622779,-5.6424558894,-4.5833380884,-2.8076875964,-0.3433684376,2.6876404148,6.0752144899,9.5771788544,13.0096993779,16.3027198713,19.4829290583,22.6058869355,25.6842961841,28.6535454578,31.3804410991,33.7046096738,35.4982093098,36.7160703394,37.4059213548,37.6771644437,37.6493558547,37.4125685538,37.0280199046,36.5579991212,36.0667879787,35.5788993835
CP53,35.8105369568,35.0624485349,34.3945749449,33.5895324525,32.4237964834,30.8039275867,28.8080616599,26.5981781662,24.3166854808,22.0506085254,19.8395693174,17.693125677,15.6102027058,13.5942501842,11.6515779837,9.7748825093,7.9337633543,6.08892245,4.2212870462,2.3512394722,0.5312340824,-1.1830044779,-2.75542133,-4.1601098039,-5.3447907896,-6.1992249274,-6.5520474315,-6.2057457452,-5.0126307524,-2.9589637225,-0.1819765116,3.116164554,6.775626071,10.6987745408,14.790393629,18.9093942737,22.8804830216,26.5404942556,29.7806441739,32.5599636129,34.8800226652,36.7416401977,38.121215516,38.9798274232,39.2917784076,39.0755279024,38.4131238144,37.4476275579,36.3566924457,35.3047698268,34.3791690826
CP56,32.532869339,31.4338479556,29.8245587093,27.3626252979,24.4330420676,21.9085019,20.0314900826,18.374784358,16.3953032339,13.9124516496,11.1897452504,8.651187368,6.5503174662,4.8483891022,3.3243656897,1.756386196,0.0424876837,-1.7787194067,-3.590847838,-5.2921758818,-6.8290279239,-8.1631611332,-9.2420297188,-9.9963515965,-10.3547690293,-10.2565136243,-9.6569627609,-8.5397094319,-6.9246338798,-4.8497588183,-2.3291148285,0.6671115078,4.1672822353,8.1292130253,12.3926389419,16.7134448259,20.8691912751,24.7107913167,28.1463894929,31.1356146941,33.6908855578,35.8554466798,37.6687661129,39.1352451177,40.1963406912,40.725935369,40.5905848734,39.7654153344,38.427666078,36.936765477,35.6341609955
CP64,36.7874075572,36.2627074262,35.4123968708,34.3846726367,33.2722221776,31.8923862627,30.1370779742,28.1143118944,25.9921096191,23.9002508437,21.8364243847,19.7480567089,17.6579218243,15.5676759152,13.4613833584,11.377713468,9.2757620838,7.1405295732,5.0208443245,2.9586253755,1.0044160983,-0.8147738303,-2.3816554945,-3.6584545054,-4.6391382162,-5.2288063699,-5.3113979477,-4.7851300249,-3.5715873059,-1.6578757406,0.8884710856,3.9737724852,7.4687979118,11.1796266093,14.9069683622,18.4638338678,21.7619059998,24.6986177298,27.2264518117,29.3683837466,31.1337946427,32.581712504,33.7496326195,34.6622083016,35.3591179617,35.8712405094,36.2004160716,36.3751320645,36.4166493844,36.3258026376,36.0874958038
CP65,45.1062164307,44.8493187995,44.4646273091,43.807330797,42.8004257495,41.4454020066,39.7884532774,37.8824651269,35.7618691102,33.4411721985,30.9366390696,28.2829978442,25.5332113086,22.7508907319,19.9977550667,17.3177290387,14.7281493257,12.2227751975,9.783053587,7.3951534257,5.0707638375,2.864448875,0.8782794335,-0.7523500683,-1.8867429046,-2.4076516034,-2.238342326,-1.3455818132,0.2643268998,2.5487390074,5.4304524696,8.8011015802,12.5306072556,16.4838152675,20.538209599,24.591664246,28.5559728151,32.3410748079,35.8429112741,38.9451266786,41.5363538321,43.5327310941,44.8942160962,45.6292172963,45.7883075319,45.4543376511,44.7400260347,43.7921718102,42.7793186242,41.8488686292,41.0708796183
CP68,30.9950135549,29.4389142171,27.5759260998,25.455199234,23.2631339819,21.168367038,19.1964893233,17.2422880728,15.1635441477,12.9068764586,10.5759196482,8.3596814614,6.4013112343,4.7270812378,3.2556900386,1.8514038756,0.382958128,-1.2408074938,-3.0641612392,-5.0842260562,-7.2465775703,-9.4432096093,-11.5193215511,-13.2884297008,-14.5564964176,-15.1530540076,-14.9627842809,-13.9411419133,-12.1027100838,-9.491617352,-6.1636243412,-2.2046173656,2.2280846134,6.8951757493,11.5291059249,15.9250008666,19.9920357971,23.7313590114,27.1769096118,30.3365730613,33.157147641,35.5276306985,37.3125353154,38.4005233475,38.7533098236,38.4383750884,37.6282714112,36.554120472,35.4283579402,34.3660132063,33.3353207906
CP70,40.0710836138,38.5266751099,36.8270948264,35.0380737159,33.257605132,31.5440541527,29.8286057793,27.8897599086,25.5154819163,22.6820456726,19.5834865179,16.5276069495,13.7385083094,11.2582810558,8.9982017913,6.8299537744,4.665191685,2.4922098235,0.3637068308,-1.6385448717,-3.4386330605,-4.9788804011,-6.2000483503,-7.0108308855,-7.2786741634,-6.8531615253,-5.6079774619,-3.4816310686,-0.5018520311,3.2137053626,7.4797220084,12.079347304,16.7984504328,21.443848163,25.8455961783,29.8577157502,33.3694989283,36.323736671,38.7260069226,40.6337632745,42.1250558592,43.2625666055,44.0737138883,44.550768118,44.6604273238,44.3654710164,43.6640583542,42.6177824229,41.3368639652,39.9279723193,38.4419937134
CP76,30.7756622314,29.2496779405,27.5844132802,25.9082572075,24.3348539449,22.9026321711,21.5774652113,20.2998635174,19.0391982439,17.8163449624,16.6862129732,15.6993000569,14.8687731317,14.1615247066,13.5126002048,12.8485352172,12.1055103643,11.2370252917,10.2149839518,9.0306003571,7.7003670589,6.2752576085,4.8465900345,3.5421297928,2.5112096696,1.9021765376,1.8394777998,2.4053479437,3.6287602957,5.4808773852,7.8760847466,10.6806132007,13.7317950975,16.8676825373,19.9583102202,22.9254032036,25.7396062079,28.3944015087,30.8701103013,33.1088161481,35.0135829776,36.4728062453,37.3991531359,37.7654834611,37.6218069201,37.0836095506,36.291492179,35.3597957915,34.3388786546,33.2077656245,31.9042472839
CP77,39.4899856567,38.3744879406,37.0079251777,35.346936915,33.391331175,31.185066704,28.7840909213,26.2337039927,23.5770277377,20.8744817204,18.2076665533,15.6618747132,13.2999599314,11.1462546074,9.1878069549,7.3871974523,5.6961073392,4.0652538044,2.4509905846,0.8221504986,-0.8311276769,-2.4871696539,-4.0848614509,-5.5228444751,-6.668558646,-7.3767221888,-7.5119505264,-6.9687050878,-5.6842398344,-3.6459477154,-0.8973777774,2.4568423259,6.2546422232,10.2971810284,14.3846356263,18.3505527816,22.0788107972,25.4998906548,28.5771170269,31.2950098822,33.6541492317,35.6684209948,37.3594222593,38.7477998413,39.8467940809,40.6670203558,41.2296668784,41.5698989846,41.7170642066,41.6649185929,41.3538787842
CP80,42.3741455078,41.4299155432,40.1416760658,38.5837095442,37.1011747263,35.8277437361,34.5388438228,32.9095854228,30.7847290421,28.2328660975,25.4445105402,22.6465425311,19.9632748634,17.3893917559,14.8422908931,12.2519564518,9.6348234446,7.0292115564,4.4084429446,1.7287502274,-0.987946967,-3.6519845891,-6.1168500785,-8.1534649484,-9.5102849377,-9.9726929067,-9.4268277086,-7.9478968456,-5.6711230852,-2.5985905226,1.2553589954,5.7478884307,10.7542780208,16.1160754209,21.5353186333,26.7006081988,31.4175641857,35.5881114338,39.1489318339,42.0498709485,44.2777224784,45.9040032191,47.0669009231,47.8351392087,48.1425569618,47.9188928915,47.1835312812,45.9956329926,44.4479821197,42.6984074855,40.8577359517
CP9,29.40807724,28.8859441455,28.3144126888,27.6184366518,26.7278735087,25.5813145299,24.1317713859,22.357887592,20.2756346829,17.9417838007,15.4449699241,12.8863707075,10.3579481473,7.925816056,5.6240039628,3.4576876896,1.4126169341,-0.5336046779,-2.4000460253,-4.1916088509,-5.8889415969,-7.4411751692,-8.76385279,-9.7449368861,-10.2593652592,-10.1904859983,-9.4525746869,-8.0089152925,-5.8814435025,-3.1507833101,0.0518914116,3.5592299544,7.1853946579,10.7495395025,14.1053789824,17.1655785346,19.9075189734,22.3578146937,24.5618163177,26.5507588983,28.3232435974,29.845768842,31.0641801897,31.9183836797,32.3641366013,32.4027506513,32.1007100528,31.5777835044,30.9661551845,30.366255873,29.8218050003
CP96,41.3968702952,40.8767822427,40.5575415311,39.4825124866,37.6408103541,35.7305274101,33.7955661086,31.6518321987,29.0990785113,26.4270410538,23.7876833247,21.2345521713,18.8225193863,16.5215743633,14.2766165987,11.8390071084,9.1595331093,6.3382933665,3.6063748179,0.9535709603,-1.4548880864,-3.4607316674,-5.2411448492,-6.7768237181,-7.9386457947,-8.6735136335,-8.8148288084,-8.2020052788,-6.9165997805,-4.7667814811,-1.7701138548,1.9935801137,6.596490859,11.4504140484,16.1854895972,20.8023615336,25.1585393626,29.1879762163,32.8661836105,36.1143088714,38.7608172069,40.8527862035,42.4312170689,43.6592368055,44.4854692238,44.9323154934,44.8370920431,44.3280041046,43.6394125097,42.9848778163,42.4485448201
CP118,41.689666748,40.4382289627,38.9637261393,37.3146346873,35.759308203,34.5037910666,33.4380031336,32.241565315,30.6379982172,28.5762507165,26.2175166888,23.7836383989,21.4185735034,19.1585158025,16.9842642543,14.8760385962,12.8288581216,10.839374986,8.8902299242,6.9494368607,4.9870299141,2.9969272522,1.0109740936,-0.9003149203,-2.6354453602,-4.0714597656,-5.0713811297,-5.4901246271,-5.181525201,-4.0164849695,-1.9206303208,1.0738647055,4.7929975541,8.9496012371,13.2338013943,17.4075556772,21.3611781222,25.1108980046,28.738210868,32.3027600624,35.7756127561,39.0277783435,41.8712630413,44.1168428443,45.6188208763,46.3082547364,46.2212529706,45.510319614,44.4113223958,43.1552599534,41.8676128387
CP15,31.0720405579,30.1416776087,29.1447304473,28.0425794997,26.8105776958,25.4437197303,23.9564083922,22.3782405633,20.7474885506,19.1036367084,17.4798240938,15.8964890015,14.357154835,12.846864499,11.3335112106,9.7718390204,8.1106697075,6.3036775685,4.3237689267,2.1787784656,-0.0756234745,-2.331021549,-4.4333626839,-6.2023260348,-7.4569155433,-8.0402744682,-7.8376257741,-6.7866166264,-4.8823719385,-2.1790649997,1.2121733655,5.1311261093,9.3834144443,13.7613552843,18.0655302444,22.1219344023,25.7914681632,28.9722144554,31.5979305004,33.6352385927,35.0812806666,35.9614543097,36.326940097,36.2509607449,35.8232500864,35.1415373132,34.2996707186,33.3739810586,32.4129141866,31.4338046179,30.4284534454
CP156,36.7615961347,36.3357583964,35.9912926595,35.5646060239,34.9389185341,34.1321123776,33.0910521445,31.6249756393,29.6241279945,27.2129731933,24.6759006227,22.24737083,19.9707487447,17.7389172689,15.4195494101,12.9471375879,10.343519497,7.6913743235,5.1023758864,2.6892738432,0.5425850112,-1.2733891938,-2.6976930701,-3.6418751253,-3.9835200559,-3.5954409027,-2.3823053118,-0.3064428159,2.5934176293,6.199354901,10.3304824024,14.7642987885,19.2570842593,23.5741217791,27.5255288708,30.9851610023,33.8859994454,36.2003636353,37.922385564,39.0636011913,39.6668508883,39.8278619491,39.6985097871,39.4493983633,39.1885820516,38.8982816899,38.4854358126,37.9031864456,37.2121932428,36.5484139237,36.0263966152
CP176,40.2491013663,39.4721179537,38.6807342981,37.8613749607,36.9356201385,35.7996344644,34.3699835933,32.6023887972,30.4975137855,28.1030660055,25.4974750765,22.7604687359,19.9508565327,17.1011386744,14.223072997,11.31753116,8.3884533438,5.4605870193,2.5954142408,-0.1064443855,-2.5264326088,-4.5598117095,-6.1311648597,-7.1831237017,-7.6513403447,-7.4525135788,-6.5019362511,-4.7511828882,-2.2227042953,0.9784426959,4.6827608538,8.6931454955,12.8217837882,16.9152102,20.8603944662,24.5746822785,27.9927534957,31.0605859701,33.7365082706,35.9904898341,37.8034101076,39.1704761641,40.109143242,40.6625830081,40.8925575326,40.8678529006,40.6540401085,40.3050624947,39.859743415,39.3484221526,38.7998390198
CP19,40.7434031169,40.433105059,39.9914694401,39.3301898695,38.3798505991,37.0959273301,35.4575065864,33.4699720683,31.1680290914,28.6105590639,25.867734654,23.007018137,20.0826189935,17.1290907176,14.1591503435,11.1667057015,8.1355537183,5.0527793374,1.9233243307,-1.2177117719,-4.2987316218,-7.2131831453,-9.8290489493,-12.0037913608,-13.6004856357,-14.5012135882,-14.6160088672,-13.8896174637,-12.305683195,-9.8830012758,-6.6650035487,-2.7163231957,1.8654353088,6.9352879372,12.2968281485,17.7113336992,22.9216237069,27.6850586312,31.8043853344,35.1493436709,37.6707115835,39.4031354808,40.4508603673,40.9582268806,41.0753960653,40.9303301185,40.6175678641,40.2051357725,39.7412676356,39.2493504425,38.7208258311
CP22,38.4647827148,37.7464260066,36.6017331233,34.966026627,33.0582723225,31.0396080811,28.8705585583,26.4948158708,23.9751554142,21.4768494527,19.1674806027,17.139552228,15.4024445739,13.9097230891,12.5859381359,11.3528224614,10.148592535,8.9349068078,7.694724096,6.4258132391,5.1347319382,3.8305802801,2.5323869428,1.2853340946,0.164564355,-0.7380469938,-1.3420716313,-1.5974187778,-1.474789888,-0.9503501972,-0.0038277729,1.3864355521,3.2490058159,5.5921967013,8.3570730199,11.4181306271,14.6423474722,17.9365147422,21.2450789927,24.5183066496,27.681763845,30.6351474622,33.2786039754,35.5315932217,37.3267207575,38.5998164669,39.3096559049,39.5015770995,39.3464272551,39.049463498,38.6981608073
CP28,41.860162735,40.6162944197,39.1380936399,37.4426747727,35.7540689769,34.2239413546,32.7478015743,31.0789981909,29.0320542184,26.6255354205,24.0486689704,21.5337686304,19.2511353712,17.2631254384,15.5274897808,13.9341442251,12.3571003796,10.7008619256,8.9230245161,7.0350122828,5.1043546531,3.261806091,1.6927984242,0.5980520724,0.1360412396,0.3808753704,1.3265694548,2.9410025262,5.226227072,8.2120929592,11.8702194571,16.0481826964,20.4886002414,24.897843494,29.0153552536,32.6637605191,35.7707350625,38.3570650091,40.4958784772,42.266278639,43.7324252178,44.9423561842,45.9068620663,46.5596078278,46.7530964861,46.3663303871,45.4518281475,44.2424627564,43.0095985202,41.922985695,41.0077171326
CP30,31.1809177399,30.0229245814,28.6947537333,27.2087312545,25.6103073955,23.9371994003,22.1915326629,20.3488180394,18.4012951586,16.3994516553,14.44969468,12.6648054868,11.1036367115,9.7425512609,8.494723366,7.2574816645,5.9543060861,4.5533835996,3.0658741568,1.5372793367,0.0424805597,-1.3157507677,-2.4116357964,-3.1071389693,-3.2635866858,-2.7510520531,-1.4631733807,0.6525280874,3.559087806,7.1180064462,11.1138406612,15.3008442461,19.4492463129,23.378449595,26.9708276281,30.1646571386,32.9327311897,35.2597965228,37.1275057206,38.506996112,39.3589492557,39.6479880633,39.3742501625,38.60805807,37.5001433406,36.2500841529,35.0366746088,33.9429310556,32.9309371611,31.893727988,30.7344544729
CP32,45.8271130153,44.3593548357,42.6322013097,40.641269687,38.3626126945,35.7800023455,32.9213634554,29.8817335178,26.8176601425,23.9159293839,21.347955659,19.2254232932,17.5718075439,16.3180497365,15.3216803378,14.4028175174,13.3873857853,12.1469463767,10.6260399283,8.8524218668,6.9296375595,5.0150835859,3.2888021875,1.9215804342,1.0505902123,0.7670446095,1.1143969429,2.093857521,3.6731375627,5.7945734741,8.3806010687,11.3358506173,14.5484928537,17.8949698998,21.2510135916,24.5081189709,27.5893415614,30.4581543345,33.1156362073,35.5863192395,37.8964016482,40.0528847378,42.0311841539,43.775870355,45.2134646518,46.27173173,46.8976728275,47.0685538854,46.7942344505,46.1112043667,45.0662285941
CP34,37.0258541107,35.2057892349,33.6177308277,32.21768748,30.838771197,28.8784269815,26.8272972506,24.9718538167,23.0954003274,20.9368215806,18.6268140025,16.5660325546,14.8779656008,13.4418974223,12.1268431077,10.9356609283,9.8760115377,8.8569025736,7.7874334799,6.6231204499,5.4189005285,4.2292023968,3.1356911217,2.2340886095,1.6092615104,1.3609091781,1.6330731721,2.5844280729,4.3013353973,6.8977860775,10.3129549693,14.1726789659,18.0820216479,21.7835881566,25.123279133,28.0720165385,30.7673282364,33.3820894638,35.9762085707,38.5567209856,41.0523803812,43.2736391543,44.9683374369,45.8966420011,46.0012478257,45.3293077486,43.995641719,42.2918212674,40.4355659429,38.5942602957,36.7536268234
CP4,43.8275775909,42.0623627577,40.205777906,38.2909955834,36.2687416162,34.138682425,32.0272701504,30.0862603378,28.330243988,26.546357582,24.4123462902,21.7557355979,18.6926548495,15.5692983511,12.7444031352,10.3873888736,8.438037319,6.7265125608,5.1263004421,3.5956716477,2.1118519446,0.6181360194,-0.9201841965,-2.4131300384,-3.6204315983,-4.2364011343,-4.0290924653,-2.9188120974,-0.9491940219,1.8026685336,5.2989579888,9.5379842495,14.4832845915,19.9825160723,25.7416670656,31.3905283505,36.5904092523,41.098289759,44.7653610273,47.508996937,49.3014947839,50.1863138887,50.2952414201,49.8292478391,48.9930069233,47.9116838597,46.5905410478,44.9626085564,43.0053987524,40.8407145886,38.7082118988
CP41,48.658908844,47.8185816791,46.8245807362,45.6926757949,44.3928341554,42.8604451258,41.028754851,38.8657428412,36.3998483553,33.7210975447,30.9544116711,28.2176456338,25.5853184175,23.0737922362,20.648914358,18.2477080381,15.8038283082,13.2706490819,10.6382210353,7.9419655793,5.26258732,2.7182605479,0.4518817743,-1.3849390918,-2.6500095616,-3.2279416476,-3.041488097,-2.0533955217,-0.2617689026,2.3024103819,5.5689167153,9.4147047378,13.6546868984,18.0541740306,22.3730045165,26.4209602716,30.0902955453,33.3537125712,36.2389478641,38.7950370541,41.0651024684,43.0769519425,44.8472960399,46.3844194413,47.6784435378,48.6926552101,49.3788650618,49.7086782431,49.6870880592,49.3406621497,48.7049379349
CP46,37.2588176727,35.3037039458,33.1472232957,30.7651245322,28.1764591971,25.4468843264,22.6751438417,19.9802445012,17.4869754784,15.2976164393,13.456867386,11.9334050404,10.630406221,9.4230862381,8.2044847535,6.913407532,5.5307464905,4.0546268975,2.4824599405,0.8163493728,-0.9131774326,-2.6256620865,-4.1884673774,-5.4363765088,-6.2034271678,-6.3499433994,-5.7753668565,-4.4184316676,-2.2554355876,0.6897909666,4.324785283,8.4709866783,12.8698324022,17.2306482478,21.306445915,24.9468754445,28.1056439623,30.8213018273,33.1825178831,35.2844110937,37.1932603408,38.9312977058,40.4744260395,41.7511789767,42.6497301943,43.0496762947,42.8773824701,42.1456219433,40.9369342656,39.347209169,37.4403839111
CP75,40.4466705322,38.5815865065,36.7913530123,35.1016762268,33.474834114,31.8289330746,30.0740533288,28.1454468593,26.0283594355,23.7675880232,21.4530957626,19.183953267,17.0244939699,14.9739623547,12.9670503502,10.9015654428,8.6797030039,6.2484736836,3.6270074666,0.9129071599,-1.7322962377,-4.1134014554,-6.0381036379,-7.3494016222,-7.94427829,-7.7752765517,-6.8369509997,-5.1473375893,-2.7355451176,0.3548926076,4.0498739778,8.2293527132,12.7290455667,17.3620335309,21.9513417385,26.3561835758,30.4788253732,34.2546496077,37.6361227974,40.5793073408,43.0386418219,44.9701409788,46.3373317239,47.1143293846,47.2890175958,46.8748715055,45.9283814161,44.5551219087,42.8907149375,41.0689436886,39.200075531
CP89,40.1491718292,37.8107258424,35.7121015103,33.7715444531,31.8737325637,29.9568379672,27.9328050999,25.640014105,22.9549905248,19.925469307,16.7898676172,13.8575496143,11.3410267973,9.265910594,7.4935760271,5.8034810666,3.9842066801,1.9012563101,-0.4746678882,-3.0826902912,-5.8122844216,-8.52663796,-11.0504704418,-13.1582759538,-14.5891098536,-15.0866651535,-14.452744693,-12.6051297507,-9.6090547316,-5.6524160809,-0.9959850188,4.0649721143,9.2434495743,14.3145128166,19.1534460519,23.7333839548,28.0927633497,32.2910050639,36.3662767763,40.2978717099,43.9829263976,47.2453573048,49.8749585053,51.6775518587,52.5259200157,52.3964169004,51.3743314099,49.628873799,47.3798350402,44.8700614076,42.3253517151
CP94,38.1288528442,36.3921644491,34.1651807481,31.1067135777,27.8263635213,25.3345097101,23.7498074919,22.3520860392,20.4100220958,17.8112137583,14.991601555,12.4993961929,10.5777713003,9.1157952906,7.8702811254,6.6671074622,5.4374097766,4.1661167402,2.8683515228,1.5897267929,0.3829691885,-0.7130487537,-1.6530286634,-2.3578078527,-2.7264997191,-2.6815663576,-2.1944559571,-1.2306288809,0.3267070222,2.6173310726,5.6509180077,9.2670493817,13.2124032656,17.2043938738,20.9809114422,24.3537518459,27.2478268035,29.724699201500002,31.9489739194,34.0892667339,36.2288677538,38.3335158826,40.2698620294,41.8441840493,42.8473362596,43.1173712547,42.6067375883,41.4182572334,39.7781795633,37.9484343685,36.1343746185
CP109,27.5041236877,23.4524285842,19.9647247515,17.1098156754,14.7961307587,12.8493579006,11.127156751,9.5687863032,8.1629221875,6.8920782701,5.7075304211,4.541241634,3.3323187524,2.0448897343,0.6720112204,-0.7684924182,-2.2398717305,-3.6968042593,-5.0992027155,-6.423296055,-7.6568860178,-8.7770627702,-9.7209387599,-10.3631034659,-10.5162115817,-9.9655547427,-8.5285725682,-6.114688085,-2.7619233234,1.3647940598,6.0105979281,10.9007206211,15.8230831048,20.6746639688,25.4348115467,30.0944548993,34.6001550362,38.8437224143,42.6751908619,45.9232496019,48.4206210196,50.0282645335,50.6478761614,50.2289202894,48.7738451804,46.3437853957,43.0699150544,39.1627135986,34.9023986483,30.5980864533,26.5255858103
CP114,38.7358907064,37.4071551385,35.6190304056,33.7678064134,32.1780877977,30.8135952901,29.3678304195,27.5047679601,25.0871410304,22.2233415811,19.1592699846,16.138515892,13.3068499231,10.6934083384,8.2513689573,5.9212013668,3.669558353,1.4921133544,-0.5965768326,-2.5850722484,-4.4913588386,-6.3514833501,-8.1620961065,-9.824855348,-11.1413074469,-11.8601871853,-11.7466070669,-10.6483747468,-8.5394913197,-5.5214002763,-1.7817377573,2.4599621135,6.9855122895,11.5901158725,16.095313928,20.3698984935,24.3444185028,28.0019287478,31.3457733445,34.3613965492,36.9919503093,39.1377861129,40.6837116208,41.5502446787,41.7504939112,41.4163025483,40.7633898185,40.0012969332,39.2334229469,38.4055541743,37.3316103617
CP117,38.7382308415,35.7205984926,33.5864067138,32.509849083,31.7668359186,30.7625641822,29.6645847279,28.5245825706,27.469736327,26.3205708906,25.0196251618,23.761159144,22.575667548,21.6000114658,20.5819646093,19.3753747408,17.9850661499,16.5535086351,15.003176668,13.4807562438,11.8520413952,10.2746806344,8.9350041132,7.9845038865,7.381243335,7.5507979177,8.2962563229,9.2271570037,10.2842688723,11.5026020589,12.8054605507,14.3112276773,15.8168050964,17.3598769267,18.9866442909,20.8345961041,23.0455943857,25.6411896079,28.7464552035,32.2095390603,35.7208429846,39.0666187213,42.1680535245,44.7915704718,46.7288515535,47.8507627666,47.9529229789,47.0283076577,44.9148639544,41.9150820011,38.6445465088
CP121,49.3912102836,47.9395385509,46.3685124741,44.7011238658,42.9544635969,41.1310956221,39.2157596885,37.186326734,35.0287901505,32.7485361149,30.3752482558,27.9589419926,25.5570515077,23.2179019408,20.9655648712,18.7914880755,16.6577487604,14.5129638179,12.315040636,10.0530936157,7.7611691439,5.5192213916,3.4418313159,1.6593615335,0.2990701744,-0.5284613922,-0.735568907,-0.25889705,0.9409080372,2.8791489106,5.545936534,8.9021901519,12.8706075174,17.3255598396,22.0918736581,26.9609182766,31.7209674913,36.1881461,40.2245948024,43.7423997187,46.6997309909,49.0931539861,50.9463793215,52.2974355787,53.1880152443,53.6552729179,53.7260183553,53.4201560415,52.7632082678,51.7950673976,50.5644869123
CP126,36.2495746613,32.7107452494,29.2006113456,25.9074573908,22.9748852881,20.4549528556,18.3018749974,16.4165511479,14.6990985328,13.0695861364,11.4771290857,9.8999410459,8.3308555608,6.7592260512,5.1612764607,3.5029693308,1.749550304,-0.1244782095,-2.1272025194,-4.2428891289,-6.4252843609,-8.5921536027,-10.6222060957,-12.3559257011,-13.6009690389,-14.1467285863,-13.7935332863,-12.3962180528,-9.9089850913,-6.4126868416,-2.1100319432,2.7134545577,7.7569733381,12.7832836419,17.6768745802,22.4450150584,27.1540546231,31.8386479683,36.4403002434,40.8093208306,44.7578423516,48.110290827,50.7182152592,52.4547898693,53.2200818093,52.9654274557,51.7207771761,49.6001145293,46.7759799999,43.4339565751,39.7328770955
CP130,36.8223754883,34.5075496747,32.5381334081,30.5770031745,28.3343113815,25.7516767061,23.0338817979,20.580458862,18.7354500069,17.5514243488,16.7764195556,16.044331619,15.0719620403,13.7795573648,12.2882178763,10.8007339301,9.464334324,8.2820276512,7.1304554438,5.8334038694,4.2427197644,2.3005091918,0.0718888644,-2.2443033637,-4.3268612477,-5.7822649679,-6.2415890774,-5.4494069145,-3.3178769351,0.0758277119,4.4923670304,9.5209611792,14.6924109654,19.6560168916,24.2484918101,28.4464259445,32.2974520692,35.8732125192,39.2202855069,42.307412378,45.0325535425,47.2820875093,48.9682348194,50.0128492526,50.3089750411,49.7259466999,48.1908663135,45.7919137858,42.8192417806,39.7087671695,36.9116264343
CP132,52.1464564006,49.9527473849,48.0018210505,45.8731106124,43.7906596784,41.5931580862,38.6556739585,34.6061937477,29.8570533869,25.2629145235,21.37003326,18.3038718105,15.9434157369,13.9716286932,11.9866059173,9.7419671849,7.3509332095,5.1096718417,3.1298994779,1.26241851,-0.6635455553,-2.6156373942,-4.4111923706,-5.9297206501,-7.1615389965,-8.1096949907,-8.7490877551,-9.049189811,-8.9163975559,-8.148028918,-6.5604625364,-4.0749617602,-0.7008808195,3.566698817,8.6890051599,14.3740797184,20.2442179546,26.0618656702,31.7639386886,37.3866145499,42.9529333844,48.3788466358,53.4487407093,57.8265252121,61.1796777795,63.2190689454,63.6847185382,62.42386153,59.648591466,56.1030652421,52.6641362508
CP134,49.9986618042,49.2639671509,48.4711292434,47.5451468118,46.4349419342,45.0554518673,43.2617343214,40.9262313136,38.017246501,34.6162964252,30.8778676699,26.9752255009,23.0652657357,19.2751433523,15.6864979794,12.3102464435,9.0759512403,5.8552734608,2.5233773821,-0.96142568,-4.5080097723,-7.9106247471,-10.9203662137,-13.3208617806,-14.9621174718,-15.7458091694,-15.5918864096,-14.4207349107,-12.1709125291,-8.8517339101,-4.5999622187,0.2995148636,5.4428634925,10.4032170321,14.8832237686,18.8257500805,22.4077553888,25.922972193,29.6129554867,33.5539290194,37.6423223602,41.6409555141,45.2627519829,48.2709562322,50.5422911594,52.0678327717,52.921786365,53.2322327539,53.1447787106,52.7772169182,52.2030891418
CP145,46.8576698303,46.5921753485,46.4611507683,46.4008651568,44.8693200609,42.9022996647,41.1882225792,39.5675233855,37.6909581604,35.4777978795,33.1270161607,30.6303271689,28.044225871,25.4798753881,22.9472059069,20.4090863617,17.8807784402,15.3777112374,13.0028738723,10.7145480141,8.3625639322,5.8479933547,3.2626491471,0.9189882881,-0.7284275613,-1.4451232343,-1.270958257,-0.0881338016,1.7055220962,4.2321878125,7.572663715,11.4553413319,15.4471056956,19.4645757176,23.4603445754,27.0264384013,30.0926711384,32.774450003,35.2340430399,37.4818826979,39.5461522399,41.5532053572,43.4239604747,45.3629197329,47.2719502575,49.0337380765,50.2385746056,49.9469556745,49.1159935702,48.263050091,47.034406662
CP153,39.2336483002,38.1240564154,37.2497267582,34.8328997689,31.8607571401,29.326654718,26.7655373614,24.0258497631,21.1989330998,18.125080777,14.7036641692,11.6692178844,9.1506587796,6.8996052111,4.7194086766,2.821163949,0.9355616519,-0.8777759835,-2.601416797,-4.4406338911,-6.4195680063,-8.5159551705,-10.6617259389,-12.503144538,-13.8737540661,-14.6078238512,-14.5038517882,-13.1798573714,-10.9490578577,-7.8748952316,-4.0252822682,0.4733347882,5.2840864797,10.2534872866,15.2971193099,20.0620963846,24.3542170407,28.1596047782,31.4725989531,34.3346306076,36.6241900078,38.5611287727,40.4466938021,41.8584554485,42.8617612238,43.406709288,43.4463418242,42.9412852028,42.08774228,41.2000759542,40.3987649282
CP155,37.8690662384,36.2995714786,35.0795702299,33.5614648294,31.4686520029,29.5583397828,28.4252892622,27.6758983113,26.3285702599,23.7627716739,20.2447348903,16.4941342034,13.0685037044,10.1634634624,7.7553658414,5.6802087616,3.7053373637,1.6881643258,-0.339492478,-2.2681353631,-4.013228038,-5.517162879,-6.7153884597,-7.5158237948,-7.8030439658,-7.4836551204,-6.5540796388,-5.1058299994,-3.2124602245,-0.8219768261,2.2023891654,5.9403106449,10.2570480324,14.8547128102,19.4721037248,23.9889740569,28.3763645637,32.6000826147,36.5694572061,40.1486547038,43.2086623294,45.6772454731,47.5490334607,48.8672205635,49.6806622922,49.9208498199,49.309695063,47.5708351138,44.7460888228,41.2833035405,37.9212169647
CP179,27.5786457062,25.2900292334,22.9179066278,20.4934173151,18.021743965,15.4864142606,12.8640313812,10.1461973637,7.3574267941,4.5614161767,1.8503559942,-0.6835167557,-2.9816526358,-5.0395720526,-6.9037829908,-8.6472789921,-10.3358810092,-12.0024824774,-13.6380483201,-15.1957418816,-16.5990562498,-17.7475377252,-18.5239217866,-18.8091214677,-18.5058319393,-17.561050415,-15.9747025015,-13.7897580771,-11.071625962,-7.8909034777,-4.3170547149,-0.4172995965,3.7445175046,8.1065036069,12.600949728,17.1427139436,21.6225765655,25.9127476248,29.8795913537,33.3923904124,36.3275103402,38.5771825438,40.0671903615,40.7761743754,40.7465238851,40.0813200801,38.9261427815,37.437783012,35.7441560083,33.9099293774,31.9307279587
CP190,35.2945957184,31.7662925422,28.8924303127,26.9605978977,25.5293232984,23.786720504,21.9786228853,20.2252124409,18.5826641696,16.8877354117,15.413098239,14.3100682081,13.3536083245,12.440641392,11.7116366008,11.2109628123,10.6686159302,10.1224471247,9.5820456893,8.7942399265,8.0033546341,6.8590773081,5.7618559707,4.4216821122,3.4694040579,2.7288729478,2.2873792836,2.1722459238,2.2194858011,2.176239957,2.2853036672,2.8789953015,3.2080699299,3.7018481943,4.1855691697,5.1810927934,6.501896679,8.1918094668,10.4925609859,12.8192304755,15.4993463098,18.5740738055,22.3688702113,26.2055018955,30.158636508,34.3013455665,37.4751400004,39.5576807201,39.8430752213,38.4119850711,35.6456623077
CP194,23.4544799328,21.7647309722,19.7515307502,17.5410635404,15.2912536235,13.1406540833,11.1764893146,9.4203322744,7.8313599594,6.3419508729,4.9001009039,3.4883023836,2.1176111712,0.7991895107,-0.4800100914,-1.7510012111,-3.0379972019,-4.3415466184,-5.6394079911,-6.8963271333,-8.0705584694,-9.113729188,-9.9679118403,-10.5656959245,-10.8364515183,-10.7158280716,-10.1523895684,-9.1078574527,-7.5562240555,-5.4906459409,-2.9386577022,0.0229313163,3.2702649617,6.6558435672,10.0340841772,13.2760244652,16.2745575921,18.9445310177,21.2250421776,23.0846095553,24.5241955306,25.576636464,26.3054320557,26.7997060809,27.1524644789,27.4154231867,27.5553490477,27.4646612321,27.024694779,26.1548774292,24.8362212181
CP24,19.3100362505,16.5460057126,13.6930767106,10.8995521828,8.3109634011,6.0286357979,4.0994941161,2.5264718483,1.2795088316,0.2989338932,-0.5047458766,-1.2411822545,-2.0160046668,-2.9046249997,-3.9406663831,-5.1237915368,-6.4351733268,-7.8436075136,-9.2959296069,-10.7041990069,-11.9468398359,-12.8898547028,-13.4147297636,-13.4347276918,-12.8939833944,-11.7545748184,-9.9848617793,-7.5656079669,-4.5119466844,-0.8895817465,3.1764602509,7.493069635,11.8188187227,15.9254332912,19.6502587063,22.9062285229,25.6678123784,27.9474248424,29.766400234,31.133524779,32.0397068239,32.4616253784,32.3697456638,31.7476057168,30.6203046016,29.0640814264,27.1830972634,25.0746340394,22.8031171922,20.3919184,17.8402810778
CP25,32.819316864,29.6621240903,26.6046528985,23.6762279286,20.8921066128,18.2900867626,15.9419190943,13.9150808052,12.2236058476,10.8107541119,9.5670753378,8.3695704144,7.1250699433,5.7977251215,4.4076702339,3.0071930659,1.6534454648,0.3942732818,-0.730565197,-1.681870905,-2.418098871,-2.9013675975,-3.1071547534,-3.0274876017,-2.6612865608,-1.9959912938,-0.9934091287,0.407420116,2.2679856787,4.6210058746,7.449108772,10.6828580623,14.2190937886,17.9436724986,21.7456347631,25.525122118,29.197917782,32.696651983,35.9654493797,38.9466130623,41.566097615,43.7251897295,45.3000387449,46.1516458845,46.1535935032,45.2382779735,43.441997945,40.9134332063,37.8739502611,34.5610226819,31.1838410695
CP3,45.8839385986,45.5339548632,45.3871189494,44.2388639387,41.9031482809,40.1424995765,38.2928201544,35.9708969681,32.6723006449,29.133452327,25.8057424708,22.9538807107,20.5593992533,18.3490553153,16.2759102914,14.3219958393,12.2513424354,9.7938513866,6.8860157439,3.9509455368,1.3549972366,-0.7242425323,-2.2714944619,-3.3488000943,-3.9153324888,-3.9643723428,-3.4029666163,-2.170460197,-0.2800371947,2.2452901522,5.4390476604,9.3436754771,13.8248488019,18.5965036797,23.275277555,27.7022727256,31.8580889816,35.8099281615,39.6078095956,43.2535772241,46.6376782443,49.7214802606,52.1918768014,53.6511724701,53.9536911862,53.1030143164,51.3778625971,49.3154764364,47.4074975983,45.9590094724,44.9157539368
CP43,37.2352561951,35.729488372,34.0186424037,32.1144650663,30.1361053805,28.1905038431,26.3098154081,24.447386147,22.5438995035,20.6159150947,18.7426250105,16.9846684945,15.3279662384,13.6854097931,11.9482879464,10.0455899013,7.966935416,5.7435062446,3.4199959408,1.0536925927,-1.2578876437,-3.3564994089,-5.0460158387,-6.1524895487,-6.5752125709,-6.2918545248,-5.317858073,-3.6519240927,-1.2537364188,1.9107173447,5.7893749968,10.2029914512,14.8552212676,19.4015799436,23.5714394009,27.2527563875,30.4874427462,33.3967982794,36.0779197508,38.5396784019,40.7067505165,42.45405681,43.6447485345,44.1738314937,44.0134133276,43.2444827836,42.0514884161,40.6619644041,39.2534967424,37.8859242158,36.5048815409
CP50,28.1214968363,26.97300152,25.7711269588,24.4537929176,23.0024431928,21.4231864737,19.733874891,18.0003632369,16.2955232394,14.609517942,12.8409664522,10.9387568399,9.0036975925,7.2103606162,5.6489491575,4.2556667443,2.856524683,1.2945182044,-0.4544726489,-2.2663508325,-3.9587995814,-5.3927822729,-6.5095491465,-7.2911410603,-7.7092191648,-7.7042789937,-7.197642581,-6.1492685682,-4.5880649772,-2.5760195827,-0.1626293381,2.6200367052,5.7144243722,9.0023478991,12.3376322746,15.6009707375,18.7329662548,21.752948206,24.7073684309,27.578601594,30.2373460914,32.4782784412,34.1112249636,35.0332056697,35.2399218036,34.8037168022,33.8640607553,32.6042056635,31.201801617,29.7875700093,28.4324824015
CP67,57.2971639633,54.2586706896,51.159689239,48.0009031956,44.8871932446,42.075380343,39.6741290095,37.5509886543,35.6410978978,33.9290467464,32.3882286019,30.9485379987,29.4806602713,27.8870099436,26.1885485982,24.4845693533,22.8381338568,21.2377423654,19.6449355407,18.0461048513,16.4660635213,14.9586577133,13.5990316603,12.4782066379,11.6843802902,11.2748626243,11.269753925,11.6766287406,12.5142206586,13.8045529481,15.5334908769,17.6212998004,19.9589515398,22.4633575783,25.1108225228,27.9522515411,31.0644847984,34.4855501666,38.203914623,42.1802365776,46.3566647153,50.6231214248,54.7800810942,58.5544904275,61.6547677444,63.8180074612,64.8429742845,64.6348119512,63.2636213157,61.0010886895,58.2390108109
CP78,32.9374008179,31.1533788273,29.2601444607,27.3838114377,25.6160556085,23.9954967253,22.5182801153,21.1648950223,19.9150445627,18.7543583647,17.6783632464,16.6874258868,15.7764371647,14.9305188159,14.1275424636,13.3422315133,12.548431119,11.7208331929,10.8396978998,9.9001654977,8.922865194,7.9612030234,7.0994442292,6.4405504286,6.0879630276,6.1274774075,6.6128767494,7.5575470824,8.9332094416,10.677682875,12.7088970149,14.9404877653,17.2933794302,19.7021092775,22.1226466863,24.5388026859,26.9535923485,29.368409242,31.7681050236,34.1169058886,36.3576546641,38.4129011701,40.1887788624,41.5768786947,42.4595686496,42.7278149635,42.3065307813,41.1797635767,39.402176319,37.0908235224,34.4074058533
CP79,42.869275411,41.4103959443,39.9564277092,38.1076298055,35.8015833836,33.2163007541,30.2576135837,27.0011341359,23.7661078788,20.7628663853,18.0420565084,15.6025362807,13.4320288527,11.4410219901,9.4931439931,7.5084196566,5.5170636505,3.5678590088,1.6255234113,-0.3969932507,-2.5209359746,-4.6527269507,-6.6308971325,-8.2890200843,-9.4725233735,-10.0293374694,-9.8242781352,-8.7528967154,-6.7665964294,-3.8700677609,-0.0881502789,4.4726248302,9.5704179867,14.8998142348,20.1744042504,25.2085700293,29.9443681751,34.4046862287,38.5506966703,42.1197585037,44.6996153672,46.0958972598,46.5775155281,46.6589368838,46.6470480763,46.3684551346,45.351019158,43.4663344518,41.1382355829,38.8753054842,36.8873291016
CP81,48.7691850662,47.2800436329,45.6389731123,43.7707129347,41.7970137215,39.7265698286,37.3792973007,34.5412439692,31.1482777511,27.3850648132,23.6113947421,20.1758661264,17.2554343303,14.810127503,12.6516705536,10.5734255927,8.4447943682,6.2343832419,3.9821145522,1.7601776455,-0.3566050524,-2.3038176305,-4.0199444034,-5.4231520631,-6.3873540436,-6.7583468455,-6.4075435602,-5.2646316149,-3.3125263056,-0.5721853157,2.8919108417,6.9530986528,11.4231650414,16.0741798133,20.6731978348,25.0234617244,29.0033825125,32.589989135,35.8521012687,38.9121098539,41.8857228064,44.818342961,47.6437285075,50.1888585251,52.2194874218,53.4917977355,53.8219893894,53.1952199625,51.8219902826,50.0450867478,48.1414718628
CP86,41.6962636312,40.128067443,38.1007089346,35.7456060655,33.2825932765,30.8968200856,28.6788923022,26.6257246836,24.6392759152,22.5657058779,20.2972314716,17.8438784491,15.31320664,12.8336808802,10.4874658394,8.2977977648,6.2565664019,4.3525599488,2.5803134467,0.936593906,-0.5804112614,-1.9614127843,-3.1715508708,-4.1465892358,-4.8062176489,-5.0732778632,-4.8837889315,-4.1821382353,-2.9080863906,-0.9930873104,1.6195309254,4.9377149384,8.8891464019,13.3081481336,17.9436682349,22.499814185,26.7074028003,30.3904930646,33.4907801535,36.0488752772,38.1596518407,39.9198552063,41.3864185888,42.5621719523,43.4143879752,43.9136376608,44.0627265011,43.8909810276,43.4261731557,42.6672128341,41.5675125122
CP91,28.189795812,26.1453470351,23.918845828,21.6346121477,19.4051590289,17.1775047301,14.8279769571,12.315970843,9.7365071446,7.2731587474,5.0919822719,3.2487549242,1.68029654,0.2677814378,-1.0914835244,-2.4490228345,-3.8085327346,-5.1481032487,-6.4385526327000004,-7.6449407999,-8.7189397205,-9.5998781422,-10.2302198486,-10.57256118,-10.6106540797,-10.3306671913,-9.6986084759,-8.660214584,-7.1715492695,-5.2326631623,-2.8918239227,-0.2280279702,2.6683621401,5.7129037426,8.8445382977,12.0342347402,15.2721206122,18.536331019,21.7649100318,24.8524348565,27.6755659364,30.1253351106,32.1227165834,33.6160448314,34.5681845509,34.9529956232,34.7761085097,34.1043478154,33.0635530992,31.7840196904,30.3241500854
CP99,44.526227951,42.5994026638,40.3187192803,37.7637916127,35.0843717734,32.4305298752,29.8687955406,27.3772234932,24.8873418331,22.3347083315,19.705562243,17.0488614442,14.4480635823,11.9810672156,9.6914340478,7.5791703758,5.6094315549,3.7320561741,1.9021468406,0.0955690273,-1.6818981669,-3.3910651148,-4.9602679701,-6.2912196278,-7.2697093795,-7.7797917643,-7.7171971402,-6.9987784298,-5.5671200373,-3.3941377791,-0.487334503,3.0989872741,7.2522996724,11.8003421428,16.5284658363,21.2157166146,25.6761871139,29.7866604973,33.4875247483,36.7606380902,39.6004102424,41.9932386355,43.9110241519,45.3178292774,46.1871448963,46.5250070675,46.3875335739,45.8764353831,45.105402734,44.1571096459,43.0579071045
CP1,49.0116055806,47.7443247179,46.2868000843,44.7623317492,43.1283605632,41.1974401485,38.9394784355,36.6352821524,34.6599299664,33.1742426697,32.0275061873,30.9224935489,29.6919395994,28.3712935875,27.053086891,25.7741930194,24.5206411925,23.2866885952,22.0731935766,20.8473719286,19.5434943272,18.1054293009,16.5301092454,14.881351692,13.2733784257,11.8370037516,10.688442444,9.9202999931,9.5977583128,9.7401000373,10.3079473369,11.2358346129,12.5013011497,14.1531900328,16.2578444247,18.8230335343,21.7738218867,24.9977055481,28.4217194668,32.0237452714,35.7436331998,39.4153847153,42.8082569346,45.7178447948,48.0070689652,49.6098327376,50.5422245641,50.8897513421,50.744174413,50.1546716535,49.1558113098
CP10,42.9827423096,42.7424155494,42.2465313587,41.4162343603,40.2334601729,38.7122263573,36.8617357087,34.694997504,32.2296058743,29.5100890024,26.6239799001,23.6895874248,20.8239094457,18.1209434798,15.6414975524,13.3942459343,11.3318729666,9.3801053654,7.4691765327,5.5622262955,3.6740605866,1.8788855707,0.2985538279,-0.9229729957,-1.6476526713,-1.7663066983,-1.2134948897,0.0153732234,1.8507539686,4.1648660001,6.8165041269,9.6735495851,12.5977630691,15.4432462479,18.1012298391,20.5446943032,22.8214527262,25.0091279683,27.1639412935,29.2991379394,31.4018900644,33.4520235118,35.4157773349,37.2395384077,38.8579605409,40.2057788836,41.2425537885,41.9778140456,42.4671162768,42.7693645753,42.8950564067
CP100,48.1420907974,46.5229293286,44.6932542193,42.5454268788,40.2410782229,38.1010766302,36.2431095305,34.5229264468,32.6355582759,30.3449621345,27.6879922932,24.9038813659,22.2614666936,19.9171084209,17.8646133758,15.9868486882,14.1352061399,12.1938693689,10.1145585325,7.9254670516,5.7258468655,3.6625101267,1.8896628083,0.5299614436,-0.3466229321,-0.7176132498,-0.5757388281,0.1166030957,1.4506576247,3.5276853716,6.3624423246,9.8152892536,13.6087436461,17.4357516038,21.0932277355,24.5303436507,27.8058887179,31.0209272687,34.2624796586,37.5629499518,40.8775397695,44.0813328417,46.9835582317,49.3569013832,50.9821067491,51.7077968979,51.5168239358,50.5694825051,49.1748026671,47.6606200706,46.2011814117
CP102,33.128466924,32.1659870526,31.52030885,30.5099647541,28.6344858395,26.2923336309,24.0102941049,21.996158835,20.1763286687,18.4618315897,16.6675212753,14.8404959781,12.9202675073,10.9253658107,9.0856757327,7.4283635458,5.9658370014,4.5531153384,3.1293071509,1.6846493443,0.2743372552,-1.0564799505,-2.1618772888,-2.9635782902,-3.47386339,-3.5548623734,-3.260339273,-2.6511221,-1.6983835231,-0.3436014954,1.353881006,3.4452719162,5.8419335004,8.5062122292,11.4152577886,14.5895950925,17.9331929043,21.3706820829,24.8686661628,28.2705106568,31.496452928,34.2486824481,36.4930632255,38.0045258403,38.7103704063,38.6930674182,38.1262235605,37.1296563995,36.035726216,35.0555269007,34.2717971802
CP107,48.069272995,45.9119752795,43.5785305339,41.3026824288,39.280966886,37.6061480183,36.2425309258,35.0524648572,33.8539147107,32.4884395713,30.8739819053,29.0238715141,27.0308824043,25.0255369447,23.1284849949,21.4195603558,19.932465014,18.6695210952,17.6217376767,16.7835071244,16.1580980592,15.7515189749,15.5575855939,15.5514919652,15.7007044785,15.9803445409,16.3782596616,16.8914898554,17.5196285594,18.2602551406,19.1159793465,20.1178871556,21.3403176859,22.8833964796,24.8484001025,27.3068353428,30.2395800746,33.5133581815,36.9293400869,40.2697388496,43.3337050052,45.995698821,48.2279839196,50.060213961,51.5227310647,52.5858746721,53.1301718075,52.9997075214,52.0989750959,50.4617276065,48.2700786591
CP108,50.848235539,50.0732033677,49.2741870459,48.1529007475,46.5463358594,44.4267501767,41.793999727,38.6655891344,35.1331857408,31.4008363271,27.7483732503,24.4265530726,21.5582649143,19.1113766976,16.9418579465,14.868550236,12.7394884359,10.4728078831,8.0703556536,5.6097321622,3.2226184896,1.0672327963,-0.7005928865,-1.9442330855,-2.5489672366,-2.42396036,-1.5096127428,0.2209887213,2.7736629702,6.1379004404,10.2589996452,14.9873814375,20.0490929459,25.0999825463,29.855635887,34.1735231745,38.0268690789,41.4389965122,44.4419847963,47.0697427446,49.3612837201,51.3507596315,53.0394067908,54.3621611918,55.1891929691,55.4000113342,54.983838691,54.0836802861,52.9663955513,51.9262074841,51.1452435085
CP110,40.126619339,37.8323727816,35.6911418759,33.7346545309,31.9109160562,30.0828890672,28.1331832811,26.0559894462,23.9283529323,21.8306283558,19.7992112086,17.8328089382,15.9224496651,14.0687625489,12.2774308683,10.54919116,8.8733464675,7.2262741724,5.5791678721,3.9149460974,2.2446761162,0.6151255002,-0.8870687317,-2.1280984849,-2.9245597549,-3.0684822979,-2.3765869299,-0.737645966,1.862374021,5.3393845184,9.5205473503,14.1618787909,18.9828034726,23.7181714182,28.1713170884,32.2374980623,35.8900576269,39.1500938959,42.0552496493,44.6305603083,46.8620110058,48.6847957328,49.9952605762,50.6876765129,50.6991441541,50.04007197,48.7957641323,47.101168371,45.1149347043,43.0002920897,40.8886833191
CP12,48.7329959869,47.2850748036,45.532952581,43.5724454718,41.4964312196,39.3840034397,37.3045576556,35.2891564382,33.2929113045,31.2036311441,28.9004269749,26.329413806,23.5415185024,20.6670404358,17.8552545457,15.2228690379,12.8300590551,10.6815795519,8.7435940591,6.9681031286,5.3176756532,3.7847729087,2.4035716172,1.2527309475,0.447548081,0.122004716,0.4011804372,1.3702156234,3.0507067278,5.3955604269,8.3048382619,11.6541859819,15.323339071,19.2111670291,23.232052666,27.2990687447,31.3101769381,35.14953456,38.702905436,41.8764396589,44.609578729,46.8779206933,48.6871444121,50.0592630886,51.0121610454,51.539551369,51.6121518741,51.2116703594,50.3638859108,49.1333561532,47.5941925049
CP122,37.1638827324,36.7646364114,36.3742908654,35.5629494433,34.1286171273,32.5455519737,30.7088340369,28.4196327322,25.8758954619,23.1462067852,20.4030866986,17.8257497774,15.5879031401,13.7317540598,12.0268493367,10.3323643195,8.6413404506,6.9562187958,5.1600641337,3.2381662342,1.2865450524,-0.5718797903,-2.182514277,-3.5104486189,-4.429245067,-4.8743919122,-4.8322816842,-4.1344668712,-2.7739120042,-0.8993404321,1.5337166323,4.4241794747,7.527547373,10.8242374267,14.102163878,17.2807517364,20.4382644399,23.3940467244,26.0127197811,28.338138757,30.4303076208,32.146840012,33.5412116249,34.6225330696,35.3224216734,35.7179734526,35.9053688627,35.997747102,35.9280492146,35.6657470408,35.1294229031
CP128,38.0414562225,36.6746770039,35.7540375788,33.9286367882,32.4632096581,31.3412278063,30.57433949,29.8769829572,28.6854389022,26.9540958127,25.3805464887,24.175486991,23.1628277625,22.1282698012,20.8240207122,19.2947693919,17.8979242577,16.4213826002,14.566829546,12.6173774503,10.3208969638,7.8628618886,5.6552934983,3.5502891358,2.0510634974,2.1208187296,3.5739651569,5.2635912537,7.4984197567,10.3714247227,13.753327153,17.3384699867,20.9108457665,24.313226746,27.7268079211,31.0687758579,34.123075141,36.9637919235,39.2768220474,41.0427616065,42.0044639792,42.4174196694,42.5391252258,42.1424742872,41.81491353,41.7534696379,41.8529088597,42.0990239315,42.6647519666,43.0608865348,42.5386867523
CP131,48.2059605916,44.6371820106,41.9336888838,40.0780428242,38.5924978891,36.962393826,34.9867788356,32.8400364683,30.8731351978,29.3451333366,28.2276557533,27.207271452,25.9442133564,24.3508638179,22.644956844,21.1168823427,19.8449663904,18.6427484411,17.2400965802,15.5461910796,13.6988520722,11.9113920762,10.3470447659,9.091012526,8.1566303439,7.4929028204,7.0212186988,6.688498765,6.4620017746,6.3181598997,6.2961883445,6.520679934,7.1458548306,8.2904495413,10.0176502205,12.3559722707,15.3230062588,18.9238668309,23.1585243546,28.0150773028,33.4069229707,39.111344049,44.7788981186,49.9927100699,54.3085361569,57.2886986065,58.5644643849,57.9297325822,55.4954402322,51.8549907587,48.0138524373
CP135,35.4738092422,33.8221378734,32.6735816939,32.0610048505,30.768631325,29.8282953935,28.7111481155,26.5487561752,23.5572077736,20.4625529213,17.7244055935,15.650792621,14.0457756874,12.9392337307,12.0715377442,11.1960034254,10.2391529493,9.0069931836,7.6311019685,6.1633770549,4.6925922588,3.3493000567,2.2295482571,1.676803338,1.5075926677,1.9834144182,3.2086344517,5.2189805444,7.816831959,10.7744882631,13.8464611876,16.7949694519,19.7697766001,22.683798247,25.5114815876,28.2969819974,31.1762426509,33.940379648,36.3713527949,38.4740865402,40.334593015,41.8174141084,42.4280001259,42.3902145875,42.0095602748,41.1767059691,39.7648180133,38.0628736283,36.628099154,35.3970749171,34.0794487
CP136,28.7597503662,27.5716838076,26.4290892332,25.2289787495,23.903747633,22.4412070832,20.8417201106,19.106189254,17.2641836777,15.389170776,13.5805558199,11.9272585529,10.4779107674,9.2269651863,8.1168407022,7.0554249308,5.9458833076,4.7170419767,3.3397479062,1.83158907,0.2540563038,-1.2959416598,-2.7006725153,-3.8404473543,-4.6133811562,-4.9474085776,-4.7963203336,-4.1243385572,-2.8998394216,-1.1152803452,1.1785683806,3.8610466578,6.7754419374,9.7859944018,12.8107522678,15.8065423392,18.733182773,21.5345167351,24.1426712988,26.4937931726,28.5426332866,30.2627833406,31.6326556283,32.6191230029,33.1712709465,33.2328913946,32.7752896716,31.8423685766,30.582780586,29.2235049947,27.9637794495
CP137,40.1744598389,38.9260447783,36.8404408223,34.2003648287,31.5642352784,28.9657087453,26.1844158009,23.3645017461,20.8606883557,18.8667241064,17.3364741788,16.1123185381,15.0201360562,13.9044404515,12.6604437963,11.2514263587,9.6779797404,7.956019202,6.1267430974,4.2539958519,2.4181028118,0.7299688958,-0.6754834307,-1.7001645824,-2.2911967898,-2.4133304013,-2.0941515524,-1.3123253863,0.2150495123,2.6237966169,5.6905842073,9.064158597,12.4360099195,15.6532240109,18.6513114049,21.4105091408,24.0255535481,26.6164486902,29.2330104849,31.7782167992,34.1342703048,36.2648241944,38.0834298899,39.3712308218,40.073313977,40.2017193774,39.8448512381,39.2273340193,38.5991138209,38.0837106356,37.633895874
CP139,33.0289742947,32.5142780456,31.841559867,31.0033205287,29.7735202008,28.2420973664,26.5838340941,24.8198765336,22.9776268106,21.1240013347,19.4234151701,18.044185742,16.8814452597,15.7814278503,14.6576998088,13.487396456,12.3044703397,11.0626700391,9.7253332775,8.2396418896,6.599727389,4.8784623266,3.283715771,1.8676434879,0.8220437841,0.2335491715,0.2064714895,0.8223988659,2.0560023421,3.8911720305,6.2540274609,8.9927089115,11.9771405106,15.095610142,18.162451187,21.1210499011,23.9699698008,26.6543707135,29.1319108955,31.3926597043,33.3193197921,34.8936656398,36.0682169017,36.8236805595,37.1077560537,36.9733672603,36.5257572564,35.8342045241,35.1796320323,34.5305273258,33.9410150051
CP142,35.9280885061,34.9650543158,33.9225999813,32.4878499279,30.4977966727,28.1009160391,25.5760941068,23.0687609287,20.5502758679,17.9695235954,15.3999724613,13.0421059163,11.0933290832,9.6025784684,8.4511745135,7.4506091866,6.42674278,5.2538079971,3.8793645375,2.3264654677,0.6516334219,-1.0736968935,-2.7494487948,-4.2492486405,-5.4431037255,-6.2072074584,-6.4232057132,-5.9935174766,-4.8573867808,-3.0100907005,-0.5054439523,2.5590103858,6.0453749041,9.7781676742,13.5747457106,17.2920254208,20.8509583732,24.2215080491,27.3846563013,30.2870575992,32.8293699888,34.8941784114,36.3923630628,37.2870468147,37.5681790714,37.2286349705,36.289512812,34.8615843887,33.1791862569,31.5484327674,30.1948992411
CP146,37.9220952988,36.3801406562,35.5470058666,34.4388064205,32.6582501887,30.9725427817,29.4988004088,28.4369806784,27.0346202096,25.5368219432,23.736629573,22.0057612822,20.081481021,18.1910716062,16.1752427159,14.280059614,12.4043718676,10.6160923648,8.7115859892,6.8281480343,4.7345612872,2.5516188683,0.3328792258,-1.5731194106,-3.1295991162,-3.9973924447,-4.0963148743,-3.57601646,-1.8690686648,1.5637534374,5.5384467978,9.6879906017,13.9272810306,17.8709944581,21.1437176971,23.9598031868,26.5007941564,29.013233029,31.4802880069,33.9437873184,36.3170141459,38.2957979702,39.9527397416,41.2274876138,42.1049994207,42.6391645423,42.597143422,42.1336401451,41.0496044281,39.7615551619,37.8649692535
CP147,51.0691318512,47.0865913703,43.8635605952,41.5961795962,40.5876723235,39.9067406532,38.5758206702,36.6167442151,34.8857705213,33.5638742733,32.2571793714,30.7070457085,29.0445818214,27.5301594008,26.113578634,24.6169303251,22.8611635689,20.9231649071,19.2095143687,17.7518370774,16.5087633901,15.5088980731,14.7244926439,14.3735960526,14.6294303143,15.3377566338,16.1570749118,16.7613200648,17.5661253123,18.8698925757,20.7407513557,23.0571823458,25.6050423578,28.4730996867,31.6955702364,35.0919940881,38.6963187558,42.3976919216,45.9228560809,49.1073213169,51.997911019,54.5674745279,56.5799596657,57.6131886355,57.7364071152,57.2469246336,56.2352307022,54.734208116,52.8830925381,50.771226044,48.5815563202
CP154,33.9185020447,33.0545559784,32.1767315993,31.4246039118,30.7607444199,29.9953204145,28.9966373232,27.7808285898,26.3743294433,24.717648867,22.75081082,20.5435615257,18.2773070009,16.1018942202,14.0666349228,12.1594080039,10.3431543157,8.5651696885,6.7743008315,4.9396899574,3.0651944158,1.206535641,-0.5265206721,-1.9910856154,-3.0301532615,-3.4809941803,-3.1885435153,-2.0526359898,-0.0811371973,2.614044461,5.8720459425,9.5283340522,13.4259385079,17.4233489026,21.4028415803,25.2634413845,28.8964545754,32.1695662485,34.9416162413,37.0900940289,38.5340301144,39.2544528775,39.3168994418,38.8748778909,38.140199108,37.3302263122,36.6034765137,36.0062138537,35.4674211822,34.8681341927,34.1538536072
CP158,51.385383606,51.4061358324,52.4529891769,50.5610689381,47.9838360639,45.8786373619,43.5078109596,40.8071852368,37.9110685484,35.5724316136,34.3442106686,33.8462639389,33.434086106,32.6511269611,31.3649632846,29.7364265266,27.9165428317,26.164009231,24.6931380253,23.3700013074,22.0239452726,20.448442416,18.59948622,16.5678393837,14.5165095194,12.5385210506,10.8629600471,9.6724282449,9.2742623681,9.9374190477,10.995151814,12.3631418132,14.1078017185,16.594812155,19.8909603126,24.1732772357,29.0816728329,34.2328391888,37.8105535312,40.2635068707,42.0653993186,43.7237435994,45.638192301,47.3687587959,48.784951886,49.5881342481,49.9042650228,50.0359857681,49.9740392575,49.5253420388,49.2458356222
CP165,45.8132082621,44.3653396892,42.7794736049,41.0011419159,39.2474704049,37.7037305381,36.296438995,34.8203759459,33.1293958782,31.2141811644,29.165990457,27.1180280547,25.2001238144,23.4885196931,21.9701507306,20.5646397292,19.1751335285,17.7186092756,16.130490647,14.3624826307,12.3950759319,10.2672133958,8.0940006899,6.054347917,4.3648458298,3.2497445611,2.9007121652,3.4391564423,4.9032520777,7.2522063847,10.3695997922,14.0679496265,18.1090796072,22.2427545711,26.2579111623,30.0161597955,33.4478898452,36.5301894284,39.2677753657,41.6743682437,43.7525397343,45.4923386227,46.8899896527,47.9476198714,48.6366847699,48.8628090864,48.5014009101,47.5340979555,46.1571601687,44.6900056279,43.3557923635
CP166,35.5236155192,36.016313828,36.3778910855,35.7560623947,34.5032304737,32.662414547,30.286714644,27.7587451462,25.8864395416,25.2607770283,25.50363071,25.7046624552,25.2009781223,23.9002455023,22.1009611557,20.1532019656,18.3051937662,16.7277274996,15.4726961855,14.3512416249,13.0755629084,11.5691860891,10.0744930089,8.895652504,8.128883624,7.6839406718,7.4769298087,7.5551414267,7.9706224674,8.6172802606,9.2757788074,9.8679873291,10.5023724268,11.3416581671,12.5968550713,14.4618822189,16.949593759,19.8934666602,23.0670037241,26.2110856478,29.0808221614,31.5835201675,33.7180019869,35.4846286454,36.9411674381,38.1195397481,38.8208539432,38.6702449539,37.6151429783,36.3111896694,35.7712084452
CP173,58.9582735697,58.4297251377,57.6344185742,56.5109097445,55.0859026841,53.4654357502,51.7644940645,50.0560024887,48.3579169021,46.6439406167,44.8738353713,43.0236708862,41.0968526083,39.1149268389,37.0997949807,35.0651637207,33.0227780879,30.994434951,29.0191268813,27.1517177544,25.455552083,23.9924431296,22.8127421176,21.9483277492,21.4107781968,21.1951264525,21.2877237962,21.6751284577,22.3500583931,23.3124979583,24.5686851911,26.1313151348,28.0166370728,30.2315726664,32.7555693679,35.5308359718,38.4664456782,41.4521316991,44.3792007479,47.1621039122,49.7469664611,52.1026703556,54.2046034645,56.0228632234,57.5212965188,58.6668433567,59.443175602,59.8578795868,59.9344081012,59.6890671006,59.1071052551
CP174,33.9274345398,34.0949182035,34.4310165375,34.5209508583,34.1684248074,33.5207493179,32.808967982,32.153077703,31.540562462,30.8595216835,29.980647584,28.8659262237,27.5601269034,26.095117001,24.4372006176,22.5248749649,20.3313950507,17.8979191479,15.3465987605,12.8666782373,10.6694592414,8.9425710118,7.8241349297,7.3577794682,7.453797668,7.9265683969,8.6003971895,9.3904204554,10.3038618639,11.3902956095,12.6894558685,14.2169596986,15.9954680294,18.0768216494,20.528702935,23.3873498159,26.6033872799,30.0201096698,33.4112195509,36.5507143792,39.2294978929,41.2383891222,42.3926237362,42.6186716119,42.0224187919,40.8431341771,39.3510290504,37.7960596348,36.4150385558,35.4364758961,35.0240257263
CP18,48.1516952515,48.2138887422,48.0686762141,47.6124471437,46.7681198058,45.5028176682,43.8363896686,41.841868321,39.6354278924,37.3556416378,35.1346669493,33.0703738271,31.2078813104,29.5342601672,27.9857419026,26.4636097185,24.8553064088,23.0573018726,20.9964304018,18.647560139,16.0453386721,13.2879390451,10.5307154023,7.9683804295,5.8081965533,4.2402866027,3.4129364579,3.4173777783,4.2828592749,5.9788681012,8.4210382417,11.4793084399,14.9884340727,18.7625886392,22.6142992119,26.3750024462,29.9106099478,33.1275268312,35.9701930013,38.4132556882,40.4528839743,42.101573905,43.3889237448,44.3644100022,45.0953835446,45.6583002519,46.1254651137,46.552288754,46.9651997324,47.3504349538,47.6486797333
CP182,31.9351146698,31.2684315117,30.3498526281,29.2281114483,27.9884777871,26.6513419309,25.1952201906,23.610958853,21.9259039772,20.2127126157,18.5662651508,17.0583893693,15.7119641787,14.5085533932,13.4111900841,12.3799036621,11.3759328405,10.3626354304,9.3079982041,8.1881101566,6.9905394875,5.7200835488,4.4078057474,3.1194780214,1.9551540221,1.0365780623,0.4892249122,0.4288240385,0.9516976618,2.1186302218,3.9316469131,6.3173668602,9.1327223192,12.199119481,15.3522231846,18.4744145378,21.4883732797,24.3303245555,26.9358930063,29.245067329,31.2111587127,32.803499183,34.0050825385,34.8091172044,35.2206046679,35.2704921706,35.0405455745,34.673467033,34.3227914011,34.0420283136,33.7159835815
CP189,31.975976944,31.3265540668,30.6019246478,29.6947309845,28.5796201085,27.2624705483,25.6930613959,23.8011815366,21.6078749744,19.2911419655,17.113155733,15.2620740672,13.7558300549,12.474410273,11.2625603574,10.0182550755,8.7180688864,7.3824093072,6.0264677076,4.6456649628,3.2369768072,1.8378444335,0.5558793559,-0.4374707036,-0.9588319332,-0.8775801565,-0.1421179623,1.242647359,3.2460834085,5.8124012828,8.838108098,12.1693021607,15.6356711447,19.0919125028,22.4381914792,25.6137641662,28.5706731295,31.2454653298,33.541476774,35.3310317275,36.4885845474,36.9422571769,36.7118104474,35.9160199439,34.7563900875,33.4834440416,32.3353595284,31.4588478869,30.8716438566,30.4784313196,30.1075382233
CP192,35.0558753967,33.8431887501,32.7505300082,31.7250398777,30.6604951404,29.4444652036,28.0165481251,26.3997558019,24.6899872852,23.0223594002,21.5295257167,20.2980509261,19.3390589564,18.5890410674,17.9392895913,17.2800926731,16.5409587557,15.7118319665,14.840453812,14.0102012683,13.3090528636,12.8028683,12.5219855109,12.4626672828,12.6002625596,12.908820942,13.3821036228,14.0494800533,14.9760237001,16.2386931373,17.8879303328,19.9146168953,22.2340610252,24.6958451728,27.1239617931,29.3702671217,31.3532096295,33.0663812231,34.553689113,35.8668674127,37.0318275599,38.033426444,38.8172982503,39.3106273192,39.4501109409,39.2006736648,38.5709137907,37.6276965417,36.487612178,35.2755860938,34.0785820007
CP193,41.9905822754,41.9086019188,41.0484570752,40.1920112858,38.5228213657,36.23737527,35.1466532401,34.8207210938,34.2869719838,33.2996075018,31.9976982869,30.1208331656,28.5444575129,27.3928955927,26.5280227269,25.7236302513,25.0511237072,24.1690163797,23.1607670929,22.1818665258,20.8677972454,19.2710985519,17.619033517,15.7331104473,13.7857731213,12.1884565103,11.1485168752,10.3420747589,10.1277005935,11.51916061,13.7707845291,16.7525839247,20.0632032602,23.37349554,26.6849023411,29.7160729219,32.6381016995,35.4731267661,37.8314359951,39.8514972401,41.6607896374,43.017945143,44.1228680706,44.5504965218,44.6784738604,44.1338242271,42.9370057325,41.966305673,41.2881740425,41.2183803349,41.3210624695
CP21,44.2121404012,42.9047076093,41.6184714181,40.0785445276,37.7569911878,35.7935370129,34.514467451,33.244887001,31.5695943554,29.5036168542,27.3846745453,25.3959812586,23.4032101232,21.4907752874,19.7469406255,18.2058805027,16.8406222982,15.5424755536,14.1097055552,12.3445313649,10.4437813137,8.6105449817,7.1123970554,6.0507790675,5.4828134544,5.4004050106,5.5839940796,6.1084903732,7.1746592408,8.9281556682,11.3583252242,14.5722115985,18.405720008,22.4660594887,26.6620371262,30.6454432846,34.4027511896,37.8823122292,41.0117300581,43.7886506193,45.977177412,47.5575267944,48.5305950529,48.889832602,48.5778841752,48.198708385,47.6483188073,47.112758042,46.5144665526,45.6731612751,44.5065333049
CP26,26.5287923813,24.4441121909,22.2427594362,20.1225940858,18.2683988428,16.6688761994,15.1596363822,13.6047117517,11.9515825114,10.2430229048,8.5696929154,6.9470965115,5.3024879859,3.5775079426,1.7845688863,-0.0313309007,-1.8605215226,-3.7669221819,-5.8486357865,-8.1364645885,-10.5114207591,-12.7016042722,-14.3582056529,-15.1719428682,-14.9775511934,-13.8086185455,-11.8698408,-9.4229124,-6.6635600147,-3.6698488947,-0.4498442817,2.9535396149,6.4071432861,9.7361594941,12.8179851304,15.6254639793,18.189527267,20.5312602487,22.6288628696,24.4392737892,25.9332198788,27.1030219226,27.9514413569,28.4855199376,28.7217602759,28.6960180492,28.4666504416,28.0987685092,27.6264607205,27.0137652221,26.1581296921
CP35,40.5738124847,39.0934736338,37.5880223474,36.1409911828,35.0796101788,34.2027148134,33.3447905812,32.4170735986,31.3305755819,30.1588733279,29.0493823629,28.0155329613,27.1202422975,26.3132693439,25.663285666,25.0444470342,24.4269945753,23.7448841473,22.8580645431,21.8104195029,20.5292539899,19.1508000502,17.8513845338,16.7225336948,15.8210647548,15.2376497604,15.19415274,15.7398808854,16.8387706876,18.3482862598,20.2938107365,22.609333697,25.1824044299,27.8652899005,30.6227923756,33.3790692819,36.0582012066,38.5898025427,40.9501580834,43.0871690867,44.9486596072,46.5150043099,47.7393070675,48.6280257546,49.079479588,49.0285469427,48.5241874215,47.6628126071,46.4913355428,44.9753442547,43.1060733795
CP36,41.9989573161,40.1789860474,38.4264410427,36.775520093,35.1902658734,33.6044882802,31.9717944761,30.2727451159,28.5099035046,26.7197154827,24.9759589743,23.3720977376,21.9875096929,20.8489881747,19.9104578812,19.0677039743,18.1967202197,17.1935403978,16.0051058766,14.645678396,13.1963371071,11.7864048398,10.5622153568,9.6577872752,9.1778803774,9.1817796992,9.6644421583,10.5613151948,11.792865242,13.3135313564,15.1042942699,17.1308878134,19.3433027834,21.6950836864,24.1366999286,26.6061071931,29.0540295877,31.468695919,33.8580848808,36.2141008578,38.4909014939,40.6020016253,42.4334173988,43.8671133153,44.8091999945,45.211375333,45.0754442913,44.4452749265,43.3962758986,42.0346991716,40.5013554891
CP48,37.0562407176,35.4169200721,33.8927554163,32.5133184052,31.2713404905,30.1247611297,29.0093866314,27.8612170743,26.6414297276,25.3528799436,24.0386653936,22.762718443,21.5810385885,20.5166894612,19.5493704916,18.6228061302,17.6652271418,16.6139934495,15.4364217153,14.1410716252,12.7771751392,11.4234545343,10.1703804443,9.1029116555,8.2902767301,7.7844123853,7.6240540855,7.8394874353,8.4545100614,9.4852185388,10.9369124412,12.8014520147,15.0558687068,17.6621937179,20.5677790884,23.7055632579,26.9940977995,30.337427541,33.6256049278,36.7367921498,39.5421314872,41.9148566541,43.7431234648,44.9446987152,45.4801587585,45.3621750426,44.6587964071,43.4883894865,42.0035915289,40.3660193146,38.7191212972
CP49,42.3911428452,41.8744371392,42.146520909,42.5878879109,42.6628397255,42.4181429681,41.6904723512,40.4608031599,38.7602562011,36.7130042981,34.5390716035,32.4594306373,30.5295260136,28.7319060798,26.9896494234,25.2662056609,23.4622199285,21.4554247486,19.2411071587,16.8800553994,14.4855890556,12.3074512099,10.5455435528,9.2940483396,8.8366309033,9.3411801259,10.7042151538,12.9173418868,15.8613106826,19.1180461025,22.4665402545,25.6121169001,28.2801703096,30.6147486513,32.7100946527,34.4105590896,35.8693912299,37.2278815235,38.4241996981,39.4722322013,40.382857381,41.057930031,41.4286110755,41.572786949,41.6030358346,41.6550622179,41.7600531602,41.8872742759,42.0532906035,42.1129010787,41.8372135162
CP5,45.1411692301,42.0742364825,40.3616616098,40.2199819259,40.6726536273,40.4084705799,38.9078066853,36.7600777631,35.2162089883,34.9313385237,35.4055994517,35.7268253719,35.4319837115,34.6291099911,33.5606363897,32.3017743565,30.8402576869,29.2188608393,27.492030908,25.7131646136,23.9618046932,22.3105925952,20.7554039182,19.2479871928,17.7754531081,16.4242173126,15.3287482633,14.5597760041,14.1048299578,13.9043666506,13.9423430495,14.2553251844,14.902153729,15.9779468485,17.6228227231,19.8908805274,22.6527341239,25.7200643226,29.0594669228,32.717198559,36.7114366943,40.9670640924,45.2151636922,49.0357640547,52.0232404861,53.8914817985,54.5106241485,53.820771667,51.7878632241,48.5471647539,44.5972137451
CP51,38.6239155361,37.1940800204,35.7509383848,34.2634152439,32.7190584524,31.1177033318,29.4488024057,27.6918219332,25.8408862222,23.9305709119,22.0368074692,20.2457854924,18.6093156677,17.1153699112,15.6902268234,14.2275142019,12.6264528954,10.8228945777,8.8070753418,6.6290859248,4.3955445924,2.2574617851,0.3886100162,-1.0433774959,-1.9062626284,-2.1232358596,-1.6768894427,-0.5967268789,1.0620061537,3.2362799317,5.8625819721,8.8733880367,12.1885158771,15.7094354663,19.3239873677,22.9210638871,26.4062577346,29.7081333644,32.7735086106,35.5567145651,38.008682727,40.0712173194,41.678382406,42.7645185655,43.2797355463,43.2162133241,42.6359301852,41.6738514795,40.4999544532,39.2571497355,38.0134669713
CP58,48.540851593,46.7625682746,44.9199500412,42.9497252296,40.8786368239,38.7622576883,36.6000735506,34.364998291,32.0704585335,29.7957969286,27.6394464905,25.651143541,23.8099634223,22.0506731795,20.2988526278,18.4924514921,16.591520952,14.5862002228,12.5057371477,10.4237523876,8.4540443457,6.7353817802,5.407134405,4.5820552912,4.3249820601,4.6450535256,5.5088925827,6.8692986084,8.6889600078,10.9441793739,13.6092467865,16.6305821944,19.9050507139,23.2832991161,26.6130870973,29.7931737966,32.7891607198,35.6084495987,38.2750049264,40.8149443789,43.2397282946,45.5395637212,47.6901452764,49.6461695496,51.3084665277,52.5055115177,53.0550671138,52.8750361519,52.0391898828,50.7527541185,49.2623558044
CP59,51.9065335592,51.1448232197,50.9261954084,48.6771403904,44.80672701,42.5176368143,41.6611956231,40.1519682562,37.8339864282,35.4385798651,32.3104553011,30.017277303,28.5291661281,26.8869539095,24.9095622336,22.5080904946,20.327457689,18.3541558068,16.3422517551,14.2676047941,12.152884274,10.0084477896,7.7697331149,5.7466100669,4.3412598713,3.6749535679,3.7048399121,4.3349469903,5.5229828063,7.5422473273,10.4310968667,13.9993833998,18.1405359108,22.7922695794,27.5874310749,32.1325912331,36.1921296285,39.8233491441,43.0674191911,45.780885603,48.0392433236,49.7355217548,51.008771225,52.0446925722,52.7876608812,53.28762807,53.2952289919,52.6407117876,51.2613770668,49.9868915129,49.2131932576
CP6,45.9839700971,45.6845842162,45.0928207347,44.1064850597,42.7671785084,41.1733306808,39.3565278989,37.2966109,34.9728123879,32.4062550284,29.6609473928,26.8159622471,23.951292837,21.1492423269,18.4844093017,16.0002823694,13.6988488047,11.5521087356,9.5207414154,7.5715062687,5.6967370788,3.9310719331,2.357328511,1.0954312007,0.27233322,-0.0152185954,0.2777248969,1.14748072,2.5644338692,4.4989348875,6.9299230286,9.8231779322,13.1073456174,16.6719691198,20.3784646858,24.0809628169,27.6536019285,31.0068369981,34.08679797,36.8634607189,39.3185850972,41.4373029352,43.2002612576,44.5757128162,45.5291940436,46.0600264637,46.2303596911,46.1567494649,45.9614466283,45.7115305863,45.3862658909
CP61,38.1307900747,36.8243281515,35.541586742,34.271224107,32.9702497558,31.6241345425,30.2402572207,28.790635985,27.2440468338,25.6054317179,23.9185151306,22.2467701853,20.6334026242,19.0683645988,17.492591304,15.8586925195,14.1441791947,12.3184347138,10.3637213005,8.3087787144,6.2244441601,4.2101909817,2.3895733747,0.9016742332,-0.1224379491,-0.6004749531,-0.5201964957,0.1272911978,1.4215628638,3.4420300186,6.1660843239,9.459443098,13.1138011862,16.8936840316,20.5925975851,24.0796530119,27.3022615938,30.2610331782,32.9703328447,35.428234126,37.6120028101,39.477463036,40.955995943,41.9656732762,42.4500393384,42.4088204762,41.8974391116,41.0100020062,39.8578842751,38.5454697748,37.1545308431
CP62,49.3205102285,47.5569994637,46.630586351,46.2173471518,46.2419811975,45.5068057237,44.6532124516,43.7883538423,42.4691057715,40.4414848365,38.2904192491,36.1674833674,34.2207620233,32.3488745006,30.5210505418,28.5689290571,26.5612224603,24.5397477873,22.6333909367,20.5442586354,18.5459148437,16.7021708042,15.0441796686,13.7508999191,12.875151937,12.6181615884,13.1999575719,13.6397424019,14.2557813316,15.4603762292,17.4422331953,19.7067925518,22.4351460154,25.4966645392,28.5822837639,31.6833672104,34.7477016077,37.9715881626,41.1105589107,43.9793559738,46.5574526448,48.9030418863,50.745225495,52.3222533171,53.4798781078,54.3277647576,54.4151244134,53.6959360941,52.3173801816,50.5650154836,48.7941449483
CP63,40.7450955709,38.5726371854,36.9595011025,35.7369560918,35.0618983431,34.7832990507,34.7566990543,34.7162900021,34.4355248398,33.8759632176,33.0202040078,31.9700172965,30.6426137519,29.226325251,27.8300110937,26.2657689158,24.6454939681,22.9558128793,21.1168459263,19.1887071365,17.3813277016,15.8656163632,14.6327296228,13.8857835327,13.7041079233,14.0964229755,15.1458971076,16.8725149783,19.0731744314,21.5234174195,24.2617848889,27.2300520216,30.2355984688,33.1902320997,36.2890016137,39.2000359205,42.0890506965,44.9355623319,47.6344882859,50.105190785,52.1944169032,53.7741664986,54.7733463445,55.0629211553,54.4800468006,53.1495802208,51.2453335648,48.8953104759,46.3627964839,43.882715796,41.3832963308
CP69,42.1030330658,42.3435761571,42.1870756808,41.6232626001,40.6314760194,39.2073823539,37.3875547523,35.2360811664,32.8128242578,30.1632865239,27.3299911088,24.3658564145,21.3431710369,18.3531667763,15.4917183032,12.8394156618,10.4478859277,8.3368099227,6.4980401709,4.9042904164,3.5237413531,2.3356660623,1.3380489348,0.5422372276,-0.0399069968,-0.4052116713,-0.5562081364,-0.488847724,-0.1829194085,0.3973068785,1.2892775935,2.5156604394,4.0846495743,6.0055604376,8.296988668,10.9757047827,14.0322003096,17.4100938502,21.005142817,24.6838195864,28.3066630342,31.7463774226,34.8976263723,37.6801192586,40.0391220592,41.9448268079,43.3901547988,44.3844309202,44.9470799777,45.1045817047,44.8846817017
CP72,45.5758864085,44.520833509,43.1590092159,41.5117968443,39.6400094429,37.6180331055,35.5103110513,33.3618153389,31.1956418515,29.0164600696,26.8219133527,24.6143638852,22.404401357,20.2057907782,18.0284514553,15.8771065185,13.7566587018,11.680337413,9.6753487874,7.785255708,6.070389771,4.6051881595,3.4704923258,2.7418464412,2.4778420395,2.7129071754,3.4563706576,4.6961185676,6.4034448544,8.535881158,11.0375189134,13.8385985203,16.8570025609,20.0043228355,23.1951065147,26.3541720975,29.4180170293,32.3323959121,35.0495977988,37.5284147863,39.7367370656,41.6534567686,43.2684748425,44.5798222163,45.5901906759,46.304794296,46.7308680958,46.8775366165,46.753229112,46.3608743224,45.6940231323
CP74,49.9722862244,49.178701983,48.6432328852,48.2521692268,47.6791345103,46.6238397078,44.9494361273,42.7293399581,40.204709262,37.6534941401,35.259548985,33.0820498219,31.1107491097,29.3228805031,27.6975615571,26.202235968,24.7808027066,23.3601248987,21.8727177228,20.2843951814,18.6097222196,16.9088545845,15.2779256422,13.8433243055,12.7586904331,12.1878040027,12.2650270099,13.046976425,14.4863389053,16.4515531296,18.7907627293,21.4080969541,24.2857095197,27.432645492,30.8216819689,34.3656518485,37.9295811806,41.3492164163,44.4414863466,47.0173782619,48.9146161242,50.0521264947,50.4844785045,50.4164215004,50.1431078723,49.9229534798,49.8523560775,49.8386091153,49.714198916,49.4169321635,49.0707427979
CP82,39.7500709534,38.655397016,37.4774615548,36.2147382996,34.8656987826,33.4268571961,31.8961955058,30.2812961852,28.6024110314,26.8897063411,25.1806713313,23.5177666464,21.9409426772,20.4762152744,19.1266425171,17.8689918655,16.656485138,15.4271344524,14.1172188185,12.6784632743,11.0952928005,9.3970034576,7.6610855989,6.0058462941,4.5736299885,3.5096010971,2.9423152034,2.9710393135,3.6591216687,5.0298486939,7.0616327034,9.6837341071,12.7778487696,16.1918489714,19.7639866913,23.3481288885,26.8285186406,30.1203658299,33.1599220964,35.8921835444,38.2635824407,40.2237236878,41.7343429082,42.7795366337,43.3716715145,43.5506273864,43.3769850911,42.921656474,42.2533592951,41.426435878,40.4722854614
CP84,37.7585006714,36.432531147,34.8120342637,33.0484084528,31.5817985732,30.1692475008,28.1919302014,26.4272027236,24.9177767455,23.3645664446,21.7674581086,20.3360423225,18.9839727572,17.7231469016,16.4790460135,15.153345394,13.8430147638,12.5030574025,11.0872123828,9.5674481404,7.8877896014,5.9529415045,3.967666661,2.020232902,0.4376257789,-0.5202839344,-0.7334507439,-0.3718000784,0.7567433063,2.6561337227,5.2828892592,8.5647545296,12.2595817846,16.1732113224,20.0488447884,23.8639908676,27.5661753162,31.0873307957,34.3517555764,37.2825795805,39.8475554294,41.9964012776,43.5736879904,44.5173629668,44.7881755885,44.4331096217,43.6189260177,42.3831983389,40.8988612209,39.3533465022,37.9064315796
CP85,55.255502065,53.4804609538,53.5950486312,53.5953180376,52.1064566275,50.5795414163,48.8618976384,46.192386904,42.3752675425,38.8158299872,35.5200013229,32.4708677116,29.3925230421,26.1649000942,22.8638714402,19.8647763639,17.3794280581,14.7540707602,11.9294260103,8.5430480056,4.7064660341,1.0472206186,-1.8661730521,-3.631105568,-4.8845391099,-5.7452548444,-5.3921483024,-4.3851251216,-2.6562684866,0.1805989606,3.83403043,8.6934850733,13.7326121516,18.7898279467,23.8454268314,28.7218550653,32.8292501827,36.6413305271,40.2416871989,43.8095842098,46.996892005,50.1845447595,53.3029422657,55.9270574792,58.0748443635,59.8704408094,60.5988025898,60.2904112392,59.7448717203,59.1070274321,57.897277832
CP87,42.8802728653,41.8372321682,40.8658843784,39.9032734693,38.2402805654,36.4226307971,34.5829077054,32.646412282,30.4870645771,28.1309169945,25.6066980758,23.0426303714,20.4250856651,17.862809139,15.4651831954,13.1708924667,10.8870930419,8.537359316,6.0923844701,3.5740541922,1.0225546256,-1.4513942189,-3.6390580176,-5.4387404647,-6.5788726481,-7.0180450003,-6.8551261406,-5.980764197,-4.2632453991,-1.7512485799,1.5440564114,5.4948601003,9.8292609242,14.265525877,18.623922585,22.7564857247,26.6633544359,30.4399247056,34.0269878,37.4029846385,40.5474027638,43.256184401,45.4137437547,46.8786530051,47.6599028462,47.7335016046,47.2423855777,46.3030860817,45.0120478765,43.7415275608,42.7419047356
CP90,44.0927438736,42.3888310576,40.6744262914,39.2730741771,38.2091526349,36.7513508977,35.0281793165,33.2994078599,31.9500329321,31.0994757654,30.4827424756,29.9355092317,29.0952819652,27.9986124982,26.5528021759,24.8374251479,23.1208054038,21.4621022117,19.9182137244,18.6261376554,17.6001335005,16.8131056375,16.2562923931,15.8190986386,15.3465030068,14.8056771839,14.2028202929,13.6788212703,13.0143678273,12.3776300047,11.992627139,12.1676761603,12.7923512081,13.8793493796,15.6036200421,18.0478563466,21.100712637,24.4349827199,27.9813054752,31.6036347117,35.3130492085,39.0357488988,42.4863236485,45.5711774266,47.8657486345,49.1923856882,49.3616011449,48.8015541249,47.6952865529,46.2410515412,44.6682815552
CP92,45.354230245,44.2880872578,43.1834525354,41.9537284015,40.5420710811,38.9890604214,37.3690981548,35.696568611,33.93306559,32.0391257682,30.0134873443,27.8946877487,25.7362543905,23.5770445228,21.4186357676,19.2167481099,16.8902048348,14.3441062685,11.506898628,8.3765066839,5.0599138352,1.786807005,-1.1229732204,-3.3362911672,-4.5878755575,-4.7289085789,-3.7340807062,-1.6736634921,1.3236248176,5.080727052,9.3566819907,13.8524821575,18.2761009093,22.433406318,26.2637662432,29.8047956683,33.1233954195,36.2701265133,39.2639429162,42.0790433279,44.6357690985,46.8143870736,48.4845784325,49.5387788775,49.9261020698,49.6818647645,48.9329486791,47.8591528811,46.6328464561,45.3731609165,44.1315574646
CP93,49.1931266785,44.5950447783,40.9479245284,38.2535596379,36.0186616021,34.0216201867,32.3031656734,30.93059272,29.9441181597,29.300762097,28.8537919586,28.475885435,28.1519487467,27.9003729919,27.6691029646,27.3642450684,26.9180845303,26.2583735824,25.237228386,23.6712241499,21.4979727713,18.8777518697,16.1247361873,13.5326631428,11.2414549491,9.2686138153,7.6405737604,6.4125625868,5.5620216644,4.982207438,4.6045813195,4.4343445525,4.4904645381,4.8069459352,5.5037788698,6.7553278292,8.5976343477,10.846956843,13.3365266286,16.1860459235,19.7179691735,24.1247591892,29.3061988001,34.9585327392,40.5959639531,45.5186851454,49.0354942169,50.730135846,50.4229438062,48.2320807833,44.9801998138
CP11,34.3946971893,33.5915985208,33.722303178,33.9664074732,33.1290917118,31.9388994785,31.2726026387,30.6857008605,29.5407277594,28.111649008,26.8598633207,26.2036618165,25.7014397688,24.3610172141,22.1531873824,20.7129672701,19.6634788314,18.720737628,17.6867405981,16.4223451356,15.1835554298,13.5653990214,12.2026396918,10.7949117999,8.9459944708,7.1437989473,5.6612406029,4.2334099354,3.2226131941,2.9675630365,2.5468112895,2.2370200041,1.9506583553,1.9236909964,2.453705536,3.0775160597,4.3185725418,5.3567627585,6.5433178503,7.5949612707,9.7183632219,11.7819658224,14.976139951,18.3857805973,22.2059656031,26.4624295066,30.8500666897,33.4930738263,34.8898573233,34.6143671695,33.5784521103
CP116,37.7053476969,35.6889098042,33.9533031638,32.7201476855,32.0341880819,31.6587471855,31.1350706245,30.1561081239,28.8108391366,27.3289812388,25.7554087097,24.0067650892,22.0425285941,19.9116807281,17.7389185387,15.6306269308,13.5877109519,11.5177933384,9.3677348808,7.2595374084,5.3646701924,3.8016806062,2.6825618861,2.1136547235,2.0468402023,2.2896101612,2.7139717852,3.318894563,4.118083811,5.0266521562,5.9000668182,6.7438599875,7.702564,8.8394672448,10.0707834548,11.2737791398,12.4987239948,14.0932251551,16.4859766729,19.8127718696,23.7904594653,27.960970653,32.0268481902,35.9438698816,39.6784778126,42.9881579979,45.4516945835,46.6713939591,46.4545197706,44.9522300323,42.7645823161
CP123,49.5988044739,48.7728511648,47.5088677874,45.6619706373,43.5159776609,41.5724599791,40.0280532799,38.780548532,37.6167986543,36.3268111859,34.7919627574,32.982869068,30.9444659467,28.8094349771,26.7530779078,24.8902715559,23.2144658229,21.6458544928,20.1040837335,18.548366581,16.9790817285,15.4055433084,13.8389099693,12.319888945,10.9415577237,9.8378348351,9.1547913843,9.0250124477,9.5394934727,10.7209288411,12.5257311283,14.8876962952,17.7556768935,21.0731400602,24.7346529568,28.58711022,32.4759834959,36.2702447445,39.8522505594,43.1222952461,46.0249521127,48.5674246623,50.7832849376,52.6573502492,54.103988566,55.0184142055,55.3449368098,55.1268252297,54.5181496915,53.7057645978,52.7358131409
CP129,37.906414032,36.6911782468,35.8541397523,35.3496569192,34.9281355425,34.3250191894,33.4032089784,32.1907729788,30.7953298542,29.3110231723,27.7877484996,26.2433841079,24.6765161583,23.0602499486,21.3466721037,19.4794998806,17.4056769604,15.0939366538,12.552604428,9.8427211849,7.0850366131,4.4430601638,2.088157233,0.1539319239,-1.2993446823,-2.2742241107,-2.7937705815,-2.8792885979,-2.5570982517,-1.8612518115,-0.8469614236,0.4070399567,1.8274113101,3.412755329,5.2732937169,7.5696237836,10.3927216082,13.7095869325,17.415529179,21.3924232097,25.5052349947,29.5649560671,33.3113067321,36.450361444,38.7270140529,39.9944880278,40.2546988303,39.6496323513,38.4216444746,36.8658434893,35.2924893697
CP13,35.9005661011,35.0214428825,35.3107964034,36.6708650608,37.8432966301,38.0104806973,37.5629835703,36.8575575765,35.8728702932,34.7137051663,33.6384725102,32.7698763053,31.9883656233,31.1501066137,30.1525195992,29.0112202228,27.8002796193,26.4997823789,24.9113208086,22.6872589718,19.5893530474,15.7978378661,11.7558990605,7.9807088607,5.0883057299,3.516835248,3.0659030978,3.2596070211,3.8851956222,4.7271142242,5.407732703,5.6797701546,5.6610815511,5.5957310844,5.6228446756,5.7619120144,5.9814630325,6.3452179541,7.1499288486,8.7556965316,11.0662911353,13.7657267384,16.8855869053,20.7635965513,25.4111143142,30.3665478017,34.740714549,37.5843335729,38.4739136611,37.7085972834,36.2450167338
CP133,38.3053970337,37.7834862747,37.4515203274,36.6146703141,35.2849368758,33.8847551848,32.7572623764,31.9321584605,31.1166019243,30.2671909582,29.3414223205,28.2795426561,27.0586694653,25.7856400196,24.641446671,23.6882107552,22.9140747323,22.2095894126,21.4134402718,20.4576840733,19.3509695246,18.1563389765,16.983554936,15.8831405175,14.9468009038,14.3594288059,14.2684049671,14.6272322699,15.4239255457,16.659755327,18.3290355967,20.3408331746,22.4951578578,24.7003242142,26.9368512042,29.1494717808,31.2113088509,33.0936074235,34.738941274,36.0657124468,37.117462649,37.9639913602,38.6800915232,39.3520435138,39.9903099114,40.4330934393,40.5547557239,40.3621748065,39.9364502884,39.5102954073,39.152003479
CP14,53.4268913269,50.9603103519,49.2760521214,48.2485542201,47.404439638,46.3822435604,45.2117384221,44.046699114,42.9222853866,41.7817768686,40.5446310491,39.2231817493,38.0241055894,37.1933297853,36.7706933526,36.589166841,36.447856898,36.2174471735,35.8405360106,35.3046754922,34.6220066946,33.7993273348,32.821244682,31.6774103586,30.4120566577,29.1381391259,27.9917562044,27.0371344944,26.2312104518,25.522662464,24.9910814586,24.8117953458,25.0864003864,25.8213159755,26.9502373462,28.3325774683,29.8108454254,31.3511528392,33.1406399173,35.4659255559,38.4482986589,41.9718015297,45.7817178789,49.5937218382,53.1489312268,56.1332663464,58.1606599909,58.9553097909,58.4925065833,56.9974647688,54.9575386047
CP140,42.0300445557,39.3832522127,38.995291395,38.5299386086,38.0066548944,37.2863830643,36.435550128,35.4345618157,34.3011253244,33.3349364371,32.3296480808,31.254663115,30.1863047471,28.8557520932,27.0653784387,25.0876186337,23.0659275281,21.0400016192,19.0962564444,17.5195158623,16.2479683549,15.0536255709,13.9020050498,13.024207315,11.9389431958,10.6513153712,9.8204240507,9.1302954828,8.1933510547,7.1203840432,6.362170666,5.7923227801,5.1649219506,4.644840156,4.2072966539,3.5899835873,2.9842985548,2.8766755598,3.2905957405,4.1542280034,4.8657641076,5.4106165329,6.3167837435,8.1410070075,12.0423225402,18.2052323564,25.5116213892,33.7333847942,41.3191112775,44.7489687058,42.7570559184
CP141,29.4147675832,27.6584807315,26.1507223868,24.8537715451,23.6466541635,22.4349639231,21.1974254369,19.9757471144,18.8287697796,17.7921995041,16.87332362,16.0627940597,15.3342880227,14.6384418973,13.9135306595,13.1096716273,12.2010983579,11.187546593,10.0882105609,8.9267304794,7.7360197489,6.5704615688,5.5065630877,4.6191820533,3.9472302031,3.4898497903,3.2263642147,3.1389003463,3.2141429676,3.4389273412,3.8019732237,4.3046886942,4.963128075,5.7884775807,6.7678536724,7.8720080395,9.0965009892,10.5051503228,12.227336755,14.4002136088,17.087308384,20.2183496675,23.5806087847,26.8624004578,29.712550728,31.7931926402,32.8519397049,32.794149767,31.7368926253,30.0119788806,28.0693442027
CP144,40.5408344269,40.1977716681,40.1125939307,39.9350028302,38.7215210216,36.7910666535,35.3490634329,34.2945984601,32.9699932381,31.0631983412,28.7067732348,26.4916816637,24.8604401423,23.7082584083,22.6464843778,21.4586456927,20.17744083,18.9657108029,17.8356207327,16.5711497605,14.9080431457,12.6816109419,9.9337420531,7.0321039534,4.5099208832,2.7372792522,1.7968262672,1.6998426561,2.5538204802,4.4072837548,7.1315301259,10.4739793507,14.2549222786,18.3076915134,22.3205810018,26.1053198713,29.659974828,32.9285548804,35.873807381,38.5315665763,40.862711419,42.7930927449,44.2900908311,45.2629600443,45.710401318,45.674997566,45.236037977,44.4573574719,43.4454823975,42.4626936061,41.8256111145
CP159,30.9658975601,30.3201597747,29.5295355787,28.5417637591,27.3396639447,25.9158638785,24.2410746814,22.2970534648,20.1169281454,17.7836058252,15.3912974995,13.0081253806,10.6691503096,8.3910086236,6.1822580997,4.042789285,1.9611848365,-0.0811211255,-2.0966011736,-4.0776598826,-5.9905862759,-7.7736601353,-9.3334772774,-10.5475724279,-11.2847009367,-11.4368669882,-10.9436154598,-9.7926985656,-8.0045232589,-5.6168805929,-2.680103991,0.7331594448,4.5137616171,8.5108703648,12.5429706184,16.4211405292,19.976386248,23.0829407924,25.6693243015,27.7133087239,29.2312426729,30.2704717076,30.905412411,31.2348725834,31.3668130735,31.3889726811,31.3437332246,31.2287420417,31.0249591677,30.7222565612,30.3166913986
CP16,50.1062759399,49.7040414178,49.2666161801,48.7602334961,48.1558468779,47.4120377951,46.473787764,45.2774687734,43.7650601602,41.9186099289,39.7893312171,37.4884088208,35.1454175365,32.862828703,30.6906421182,28.6273353684,26.6366296363,24.6658240293,22.6596270151,20.5723679878,18.3832539445,16.1143753512,13.8434476143,11.7028120882,9.8618439679,8.4992013627,7.7767370805,7.8244428367,8.7357603931,10.5613241091,13.2913352967,16.8340822607,21.0089531498,25.5670166347,30.2388811726,34.782903929,39.0025602674,42.7398460684,45.8709603158,48.3152982206,50.0506428572,51.1188553911,51.6131364584,51.6553852319,51.3748701216,50.8897851302,50.2994971312,49.6899892525,49.1349685459,48.6824194535,48.3378364563
CP160,53.0466356277,52.9421660739,52.5892761655,51.9359916557,51.1911090559,50.4353112666,49.456376694,47.914821896,45.687423818,43.0173540098,40.2917633876,37.78585079,35.602221613,33.728079313,32.0934311187,30.6013899974,29.1441214951,27.6105895315,25.8950936555,23.91921926,21.65855362,19.160704013,16.5584587798,14.0781412749,12.0159949143,10.6712696405,10.2647188408,10.8880148065,12.5203428304,15.0755851315,18.4053787291,22.2788851607,26.4035232221,30.4773777559,34.2468883805,37.5488639672,40.3177263904,42.5673643469,44.3616190203,45.7803128107,46.8993642275,47.7901187958,48.5146632861,49.0992229427,49.5049082006,49.6408220547,49.4566734871,49.0493097466,48.6564358536,48.518689591,48.7120246887
CP161,56.3052062988,55.4231928617,54.6862898668,54.4570850103,54.6856697831,54.8458347126,54.4634072179,53.5560626283,52.3644243844,51.0580662008,49.6649412398,48.1833052282,46.7476200523,45.5701509289,44.7600252349,44.2592692115,43.9200274139,43.6011414168,43.2372737896,42.8558979982,42.5372942298,42.3439311808,42.2419835291,42.1031252143,41.8264881928,41.426840202,40.987927329,40.5618327096,40.1360100446,39.7072668409,39.3349851951,39.0583289819,38.8196927263,38.5551861566,38.3110489393,38.2173342801,38.3895018414,38.8860250845,39.7189487728,40.8514995199,42.2172003815,43.7709634693,45.5194466348,47.472970771,49.5454807506,51.5122022445,53.0596247133,53.8772745294,53.7453052551,52.6383897751,50.8229433695
CP163,36.6227550507,35.8157488277,34.9807575631,34.190714646,33.4656636284,32.8132467544,32.1354815815,31.2994733164,30.3050460449,29.4088293306,28.8184447611,28.3182657281,27.3941404713,25.7419383255,23.6234792057,21.586718678,19.9057089398,18.5020292797,17.118629772,15.5958460085,14.0594047908,12.7995132349,11.9894040337,11.4659446572,11.0686275672,10.9485547155,11.2688913301,12.0358888207,13.067583508,14.1915392364,15.3670566847,16.5842056023,17.7640942599,18.7846325765,19.6152416092,20.3975196278,21.2790868603,22.2539413135,23.1811302425,24.0366119891,25.0538750141,26.4621419965,28.2205791506,30.2036125999,32.284281944,34.1819138829,35.699519052,36.7959357386,37.396544944,37.4275973505,36.9511528015
CP167,18.1795110703,18.0214553654,17.4287613742,16.8152717587,16.6503759609,16.5379627126,15.7926401708,14.3566921616,12.7345859134,11.239034472,9.6223344582,7.555053475,5.055150356,2.4526142433,0.0308218201,-2.1777690476,-4.2757023168,-6.2943415262,-8.1521819103,-9.7922123464,-11.2459928116,-12.4946956717,-13.3787010033,-13.7691555993,-13.7300743132,-13.411184841,-12.8630703138,-12.042129259,-10.950794194,-9.7172522279,-8.5268348333,-7.4307136819,-6.261633246,-4.808082661,-2.9807962749,-0.765342554,1.826319275,4.7165827052,7.7580239172,10.7634810694,13.5321486212,15.9290166545,17.9981854976,19.9355998333,21.8092394767,23.2098922844,23.4640882463,22.3653349203,20.6318056966,19.311507009,18.6848483086
CP168,56.4055926005,55.4200337363,54.1030488258,52.3877792111,50.1956191864,47.6300136961,44.9876131908,42.5510836302,40.4346174167,38.5811694232,36.7670958272,34.6809078975,32.1208941897,29.0654221658,25.6153453241,21.956164614,18.2951302483,14.765864232,11.4157263184,8.2740871132,5.405264057,2.9028494499,0.8502442565,-0.7034821131,-1.7305913917,-2.1955186624,-2.0425230554,-1.2119074622,0.3263489206,2.5440838844,5.3594124171,8.6777072143,12.4264508994,16.543626174,20.9379584809,25.4712594957,29.981228308,34.3226063383,38.3933638366,42.1227721575,45.4400650926,48.2705344071,50.5757531743,52.4000432514,53.8674101834,55.112921864,56.1818314495,56.9722463674,57.3068028521,57.081088095,56.3458849589
CP17,36.8151649475,36.0806792268,35.1676141932,34.2356336918,33.4734592197,32.9032499868,32.3721789964,31.7087048376,30.8531682262,29.8633959025,28.8325351134,27.8182541273,26.8413074643,25.9189758243,25.0722237001,24.2967062598,23.5359286899,22.6921681632,21.6739582254,20.4482075181,19.068543484,17.6725083284,16.4521022828,15.605063631,15.2799597256,15.5339304528,16.3265909386,17.5602699851,19.1439069006,21.0307287353,23.1945182196,25.5711901283,28.02211284,30.3572071861,32.4090570773,34.0991858845,35.455014914,36.5728617392,37.5545028649,38.4582029432,39.2777446255,39.9499453703,40.390718524,40.5399665836,40.3895765307,39.9916271428,39.4503743685,38.8895190156,38.3899139699,37.9278965419,37.3768264771
CP172,48.2093226115,47.424719775,46.7205171261,46.1092727426,45.5816257136,45.1080620732,44.6404817885,44.120050449,43.4891424235,42.703152028,41.7383405541,40.5934890693,39.28577872,37.8433328424,36.2968478802,34.673430982,32.9940619452,31.2752728715,29.5336694258,27.7921629979,26.0857800284,24.4641452588,22.987906637,21.7187835876,20.7067296619,19.9794137485,19.5389700876,19.366984473,19.4349452117,19.7159140668,20.1940794096,20.871693788,21.7721904563,22.9370453686,24.4147074855,26.2440368568,28.4374317744,30.9678037184,33.7628697665,36.707902875,39.6561519651,42.4455630038,44.9202299059,46.95353595,48.4683194788,49.4488920651,49.9409844608,50.0384748498,49.8585817378,49.5117874249,49.0780938466
CP175,39.9862605504,38.5403183066,36.7528808751,34.697794534,32.463397501,30.0968961719,27.6202307605,25.0541956861,22.4395839083,19.8597789787,17.4380123662,15.3003332404,13.5262189176,12.1212776111,11.0220836087,10.1249383063,9.3223620966,8.5353275247,7.7365813293,6.9553300388,6.2589678117,5.7207942392,5.3917530205,5.2914015023,5.418765865,5.770703196,6.3532794077,7.1783799289,8.2509189891,9.5589257386,11.0706594967,12.7435102877,14.5470386894,16.4820700934,18.5764109523,20.8587039281,23.3334410131,25.9730277295,28.7201351771,31.4915870703,34.1809663598,36.6604636852,38.7895367469,40.438380935,41.5237825463,42.0412958225,42.0731085038,41.7582138286,41.2285916837,40.546075066,39.6861021859
CP178,35.2349853516,34.4956203539,33.6512090952,32.6606874973,31.487360628,30.220604448,28.9132049098,27.5042878906,25.9001215617,24.062167778,22.0148657474,19.8274883332,17.5985186349,15.4104314302,13.2972623726,11.2560353073,9.2747352278,7.3433873272,5.461464582,3.6477033995,1.9339819642,0.3712381282,-0.955881269,-1.953257197,-2.5179354807,-2.5308732586,-1.8849810994,-0.530728139,1.4847756288,4.0450381348,7.0224373406,10.2581531956,13.5520397914,16.7346071833,19.6979637683,22.3818400834,24.7626933875,26.8342197056,28.5949216913,30.0528095509,31.2282272735,32.160784678,32.9013843039,33.4990079175,33.9906266658,34.4034837444,34.7639637414,35.0996306769,35.3448758558,35.3248630058,34.9670551845
CP185,49.7650941213,50.0221728344,49.5653881652,48.6766308591,47.8994573773,47.3259670379,46.6331717986,45.3901925205,43.3798293316,40.7705735833,38.0205227956,35.5279828785,33.4257652419,31.6086301675,29.8456447765,27.9607520279,25.9280459981,23.8532890993,21.8867338248,20.1198007362,18.5662797377,17.2117256916,16.0574334717,15.1390633212,14.4925414914,14.0945836223,13.8498125922,13.651385491,13.4866157269,13.4736052776,13.773812276,14.490166275,15.6549297523,17.252620098,19.231635049,21.5339516649,24.1227430487,26.9799032607,30.0768382282,33.3378239618,36.6241703732,39.7548972516,42.5481906955,44.8463678237,46.5276634111,47.5451723849,47.9941503374,48.1243777882,48.2346039432,48.512795718,48.8928674062
CP186,41.5274353027,40.2480594859,38.2587600234,35.5139592727,32.6589397852,30.0918529681,27.8917589838,25.8888648627,23.820228075,21.6530130553,19.5347891486,17.5800156165,15.7300925021,13.8039210758,11.6814396781,9.4115926347,7.1345886697,4.9464986178,2.8684361264,0.9315191835,-0.7416829717,-1.9333665164,-2.420491233,-2.1021530759,-1.0412863346,0.6167376024,2.7517996074,5.273955437,8.0279902967,10.8386468552,13.6635567722,16.5466691857,19.4809702717,22.382134111,25.1147873289,27.5395796899,29.5806396071,31.2897860757,32.8110214083,34.2675066745,35.6450590057,36.8145909214,37.6181170543,37.9494873151,37.8490981845,37.4713411,36.9366624489,36.2845212764,35.5660088621,34.8706060241,34.1196451187
CP188,47.1850976944,46.1506813237,45.6848565755,45.5687452351,45.4242838917,44.9519217952,44.027152509,42.7165347905,41.2391140347,39.8447231974,38.6869779737,37.7675521161,36.9615518343,36.0981381096,35.0737953437,33.918684379,32.7553075799,31.688753285,30.7211776991,29.7420866297,28.591989458,27.1540509737,25.4042050649,23.4289296181,21.4301295522,19.6690819484,18.3960320396,17.8070616552,17.9722937001,18.7559463095,19.8778015341,21.0844574839,22.2591372135,23.4377018625,24.7786895025,26.4960956545,28.7677545048,31.6307122986,34.94453098,38.4605785857,41.9427029763,45.2188883443,48.1473655461,50.5531470492,52.2281261849,53.0111812414,52.8743011363,51.9627660401,50.546913846,48.9394598229,47.4628448486
CP191,39.2001673381,38.7029342984,38.1935174155,37.4614924229,36.4271595116,35.0721910139,33.3341539232,31.2399960079,28.9730247587,26.7179733508,24.6181897011,22.7146769512,20.9974169561,19.4513228927,17.99455243,16.5758104512,15.1391228575,13.6322102678,12.0105390891,10.2765037488,8.5175913619,6.856625161,5.3772547993,4.1753580223,3.2965108915,2.6974023118,2.2859030954,2.1889410621,2.5580160327,3.3172001895,4.445953332,5.9808323328,7.8399489727,9.9692364016,12.4794261131,15.3757293721,18.5493954613,21.9618288812,25.5257179054,29.0667398441,32.4230127235,35.4806948155,38.0756930833,39.9979771072,41.0831032617,41.3394144079,40.9511852323,40.219617327,39.4816238713,38.9285121862,38.4448928833
CP2,40.53932724,39.4306771205,38.1164669079,36.6573385054,35.2538632014,34.0010468298,32.786460204,31.4410089827,29.8877909693,28.1749456239,26.3965539357,24.6111340946,22.829201587,21.0355142032,19.2064337399,17.3234684688,15.3889787779,13.4335828853,11.5067368168,9.665685729,7.9756027317,6.5139433098,5.3669152558,4.6120045026,4.2950507034,4.4224446194,4.9745253113,5.9306941838,7.2924419075,9.0853830794,11.3337036804,14.0233383607,17.0828957212,20.3954128585,23.8287405121,27.2625606457,30.5988624929,33.7582183001,36.6661577661,39.2394097127,41.3796359085,42.9785490899,43.9456699496,44.2595284153,44.0030648001,43.3494840288,42.5010713806,41.6144194003,40.7573855684,39.9166419432,39.0479766846
CP20,37.0943183899,36.5065319048,35.8939862619,35.0846161379,33.9021360015,32.245042964,30.1356253482,27.7146382671,25.1754245869,22.6830486522,20.322706421,18.0991849249,15.9743053759,13.9075509109,11.8812590405,9.9062275659,8.0111029251,6.2283154221,4.5846798259,3.0940718677,1.7520674243,0.5383493645,-0.5713968919,-1.586766506,-2.4875607164,-3.2218941849,-3.7167210449,-3.8906625266,-3.6628984391,-2.9694311332,-1.7851563178,-0.1393043532,1.8904987796,4.2139256728,6.7689951725,9.5388220665,12.5383452155,15.778781658,19.2309727389,22.8098014633,26.3820009008,29.7878371798,32.8650176939,35.4661990881,37.4734350913,38.8085831214,39.450020945,39.4619726371,39.0124953024,38.3452162669,37.6940396627
CP23,42.304163456,42.1698307627,42.215008851,42.0758904513,41.3571635041,40.3764715044,39.0450523116,37.2199278082,35.0203922986,32.4430301932,29.6237161981,26.5771751134,23.3459229795,20.0503455958,16.7482974097,13.3768081235,9.9743892653,6.6574928667,3.5442589292,0.7347133617,-1.6426295361,-3.4829013955,-4.7760388848,-5.5635283315,-5.7739993784,-5.3378660259,-4.2916925708,-2.6331365099,-0.351803801,2.4602667527,5.7945442713,9.4947341347,13.4149541593,17.3380068664,21.1451041028,24.7726217373,28.1968521286,31.332147954,34.1318337954,36.5222615032,38.4449208465,39.9187611664,40.9831575601,41.7810470726,42.3835764059,42.8121031438,43.164786687,43.3585778617,43.3232398556,43.0734138919,42.7690711021
CP45,38.9652732849,38.3870397865,37.5614346728,36.5327885142,35.3534845107,34.0649722758,32.6865474319,31.2164126895,29.6417677376,27.9536442534,26.1594524036,24.2869216186,22.3772984555,20.4719035402,18.5979285021,16.759895424,14.9406472426,13.1118527673,11.2505185604,9.3554879716,7.4581913161,5.6238547358,3.9425848338,2.5140553346,1.4311939701,0.7682182182,0.5753543207,0.8800727396,1.6917832329,3.006068753,4.8043585613,7.0483015482,9.6715609569,12.5734556993,15.6207263353,18.6617896771,21.5525999723,24.1839829968,26.4980594912,28.4884785119,30.1877642016,31.6489498067,32.9277247669,34.0667783046,35.0827044636,35.9613584533,36.6681280173,37.1660346027,37.4260130774,37.4266670203,37.1544326782
CP54,38.8891239166,37.799071383,36.7690822798,35.6381820002,34.3235259432,32.8955976605,31.4934594891,30.1893406807,28.9249629306,27.5706029752,26.0368160553,24.3451050716,22.6065567749,20.9336407087,19.3809001185,17.9451642994,16.5805571922,15.2187038261,13.8003049774,12.3012416563,10.739170852,9.1740143922,7.6987110396,6.4252382393,5.4745330345,4.9550436078,4.9301370388,5.4130121183,6.4071096033,7.9419074148,10.0617755407,12.7848353185,16.0739180549,19.8227171858,23.8523678332,27.9218088321,31.7600776159,35.1235214027,37.8583154109,39.9224902146,41.3659328381,42.291498595,42.8116852868,43.021732698,42.9825714468,42.7144688571,42.2163828056,41.4971679031,40.6209650228,39.7269457409,38.9380407333
CP55,49.7070446014,48.7135380017,47.47112431,46.0094896772,44.3975464317,42.7343525355,41.1188356603,39.6141007574,38.2147078447,36.8426070679,35.3962812254,33.8157817358,32.1068641142,30.3228985086,28.5297140613,26.7671978433,25.0230694756,23.2348767817,21.3222448463,19.23342008,16.9832792471,14.6662291786,12.4400545686,10.489735014,8.9873346388,8.0628123964,7.792349567,8.2021255256,9.282597627,11.0050899794,13.3307288987,16.2033537359,19.5328697428,23.1844043418,26.9818329387,30.727462935,34.2353575407,37.3684783631,40.0623259367,42.3247441285,44.2137143784,45.8046833652,47.1611025823,48.3160421304,49.266623003,49.982680502,50.4272243553,50.5767019494,50.4283599897,49.9923107145,49.2769126892
CP57,35.6708329519,34.01329006,33.1058047529,32.6257037848,32.0751233889,31.0075173622,29.1946283537,26.687235276,23.7481152115,20.7140698163,17.8718002214,15.3945659653,13.3356324114,11.6508224435,10.2330341401,8.9547875436,7.7115344571,6.4565295974,5.2167514971,4.0736827587,3.1218891686,2.4389836066,2.0616861963,1.963888349,2.0663185302,2.2875120079,2.5905639755,2.9914181561,3.5420696821,4.3237558899,5.4467661684,7.0280842443,9.1534441494,11.8262287284,14.939986544,18.3257169444,21.8333438114,25.3626319906,28.8537122343,32.2681881425,35.5518445282,38.5947727135,41.2261250309,43.2440180075,44.4596367342,44.7531815099,44.1310855127,42.7518372957,40.9018141636,38.9339296545,37.1762110392
CP60,49.5927886963,49.9912353121,50.2725663703,50.3593413099,50.2390534752,49.933939981,49.4484815391,48.751192897,47.7903307151,46.5294892891,44.9706969054,43.1556265657,41.1517016536,39.0328340351,36.8692067925,34.7039993128,32.5265103787,30.3061499778,28.0495563117,25.8000928327,23.6079517113,21.516573289,19.5699407725,17.8309205113,16.3909594479,15.3546454112,14.8095762336,14.807189845,15.3582582447,16.428289161,17.9401160559,19.7939729804,21.8885107275,24.128572607,26.4240481241,28.6887739637,30.8454401276,32.8368796186,34.6360337385,36.2471651273,37.6974950942,39.0276763564,40.2909344953,41.5487167865,42.8502283943,44.2023039753,45.5585108084,46.8390503523,47.9594856026,48.852836034,49.4780680339
CP66,49.7211046219,49.9590841641,49.8170556265,49.139562907,48.0370786198,46.6676204417,45.0934215921,43.2751808312,41.1188186392,38.6023924177,35.8520844506,33.0842610408,30.5009410714,28.2240350045,26.2806346007,24.6193607366,23.1403631046,21.7279884647,20.2852473498,18.7653116551,17.1875133452,15.6325825719,14.2231147077,13.0963887435,12.3756932199,12.1484099219,12.462991713,13.350368939,14.8501821008,17.0050363189,19.8149260568,23.1963957498,26.9832716468,30.9626023991,34.9252353335,38.7088457412,42.2114190519,45.3752378516,48.1594539264,50.5203364571,52.408388552,53.775614036,54.5833365369,54.8141957936,54.5023122043,53.7792846334,52.9017779415,52.2003738663,51.9496305381,52.244627727,52.9232673645
CP7,35.9609428406,34.8582698352,33.526136913,31.9942997515,30.3347164586,28.6379330172,26.9802988135,25.4028933605,23.9061452495,22.4624883811,21.0417047787,19.627927954,18.2175134501,16.8098103062,15.4022826501,13.9874116697,12.5472580836,11.0509822764,9.4618356937,7.7538121186,5.9321426262,4.049273681,2.2079336798,0.5484713408,-0.7740350336,-1.6138776172,-1.8529770555,-1.4111177989,-0.2503046684,1.6233794302,4.1583947494,7.2568438828,10.7754786931,14.5333276453,18.3323437543,21.9887854514,25.3600168825,28.354335406,30.9259268711,33.0636363797,34.7795139633,36.0997344467,37.0586871945,37.6956035052,38.051939181,38.1681860113,38.0800527437,37.8147126422,37.3865064669,36.7919766705,36.0074272156
CP71,45.5100915091,45.4414753831,45.7004772838,44.7185573944,43.4342986738,42.0313854314,40.3957012365,38.472650877,36.2725758034,33.8023075215,31.0688525143,28.330718372,25.451782075,22.5884939583,19.5878498589,16.6485607855,13.6830443034,10.4729101577,7.5210983818,4.6800282461,1.8675444264,-0.5283241998,-2.399827197,-3.8231951121,-4.6833298366,-4.8856182154,-4.4756384908,-3.3223986964,-1.3622689002,1.3497802886,4.4982144796,8.0433536496,11.8789963023,16.1580490859,20.1605993968,24.0535993815,27.5697194731,30.701344009,33.5836202393,36.0815533662,38.4253186822,40.6107225013,42.5627149734,44.3681155574,45.5907241949,46.3724202952,46.5949650331,46.5231702653,46.4744867509,46.4022691304,46.0117699759
CP73,60.9951413472,60.6303054315,60.1564150189,59.4715670513,58.4881321563,57.1524370347,55.4483814968,53.3946231766,51.0425606411,48.4665389189,45.7425880432,42.9300535064,40.0652668741,37.1671695771,34.2486100765,31.3269905018,28.4315479641,25.6060520333,22.9047530801,20.3839570042,18.092110316,16.0641266137,14.326973579,12.9133139824,11.8761053135,11.2974586167,11.2841317605,11.9441316669,13.3482080656,15.4940122267,18.2931003571,21.5883810278,25.191924519,28.9244391403,32.6436516107,36.2545285266,39.7021380671,42.9556874186,45.9925248071,48.7881432172,51.3149693807,53.5467142369,55.4624958223,57.0486868479,58.3014191228,59.2327441063,59.8766473304,60.2853118773,60.5176583634,60.6274971347,60.6455637614
CP8,39.5926933289,38.7767885495,37.5292130313,35.9885698722,34.4047747742,32.9544349913,31.6221894372,30.2594724161,28.7334386426,27.0142216418,25.1689006696,23.2996137704,21.4824866393,19.7464857872,18.0822296513,16.4625212478,14.8614329086,13.2653549805,11.6784099388,10.1282090963,8.6715347341,7.3922028014,6.3870720233,5.743919458,5.5204354872,5.7346745884,6.3758579293,7.4356600159,8.9358847242,10.9104917641,13.3474461626,16.1435653896,19.1053423339,22.0183994913,24.7349742734,27.2038785857,29.4418555933,31.4776471469,33.3142202213,34.928774629,36.2879800633,37.3587085695,38.1155284958,38.5546835528,38.7144546518,38.6834758864,38.5753965304,38.4762526982,38.3958229298,38.2546102784,37.9117645264
CP97,34.4943008423,33.0972192011,31.7585560022,30.6123097387,29.7555640815,29.2258727565,28.9950958089,28.9792217398,29.0564690196,29.0948705594,28.9848035521,28.668077613,28.1520938324,27.4930095638,26.7559098541,25.9794489832,25.1624597621,24.2728431475,23.2709701521,22.1354514403,20.8786788322,19.5461333751,18.1967387826,16.8753247362,15.5959685158,14.3505567822,13.1422699898,12.0238797308,11.1138482185,10.5760658564,10.5722827047,11.210946255,12.5110974433,14.3953511566,16.717065773,19.303109627,21.9872283717,24.6290881782,27.1249974738,29.4122363594,31.4634345582,33.2735660196,34.8439378962,36.1651760374,37.2049724345,37.9070270458,38.2022893326,38.0341266527,37.3890229643,36.3188098715,34.9470825195
CP104,54.5954602559,51.4584791272,48.302795477,45.5850663181,43.3192327474,41.1403091624,38.6187346252,35.6525076394,32.5439104938,29.6391145103,27.0198713584,24.5756259576,22.2097898888,19.911023859,17.705089395,15.5921749169,13.5475126527,11.5750092264,9.7293841532,8.069948078,6.6108829826,5.3513713411,4.3308677798,3.6215771659,3.2739537183,3.2625008429,3.4702430558,3.7213521864,3.8586881481,3.8395443595,3.7448271568,3.6902329865,3.8001444242,4.2456544735,5.2258603571,6.9001291278,9.3276736608,12.4552729814,16.1503610599,20.254213869,24.6700848698,29.4154408938,34.5093923827,39.8060692582,44.9968836686,49.693152216,53.4640824833,55.8801795769,56.6344970901,55.7112562034,53.4701449076
CP106,19.6300888062,19.593534142,19.5832031022,19.8672564944,20.0342028032,19.6148524043,19.0224457755,18.1133011988,16.5861821625,14.5991767544,12.4127398952,10.1032098824,7.71037632,5.3201758176,3.0299933828,0.853264386,-1.2997218043,-3.4033982466,-5.4581135624,-7.4059219348,-9.1876626795,-10.774406469,-12.107745857,-13.1251372743,-13.8694687187,-14.3596575464,-14.5872024368,-14.6165595697,-14.3782764388,-13.7698888322,-12.8118664736,-11.5502019763,-10.0017627158,-8.1357039209,-5.9612657795,-3.4733964447,-0.7891871718,2.0721752218,4.9869136648,7.9493175258,10.7554187019,13.4193797205,15.8380941762,17.7818993205,19.3085154185,20.3793251557,20.9798057819,21.1251679098,20.8944868847,20.503985295,20.1000927516
CP112,30.3209133148,29.1167802565,28.0527978333,26.9809691258,25.765088245,24.276448407,22.4105455061,20.1490169079,17.5729088693,14.8243406455,12.0571236011,9.3943922731,6.9040586317,4.5948867409,2.4287491289,0.339586357,-1.7437395763,-3.8691416128,-6.032090063,-8.1654006438,-10.1512984897,-11.8461694615,-13.1101095329,-13.8288126264,-13.9226106545,-13.3563183072,-12.1534851575,-10.4003812271,-8.2285754369,-5.7895886731,-3.2395048302,-0.7029289495,1.7886187717,4.3154083218,7.0164332703,10.0055733068,13.3035326753,16.8190135676,20.3847756204,23.8229114483,26.9989548934,29.833440989,32.2751186189,34.2632541494,35.7075654485,36.4991561125,36.556552476,35.8944619716,34.6686142198,33.1471792565,31.6078920364
CP115,32.0971069336,30.5075464842,28.4568230898,26.0584852696,23.4578226572,20.789881106,18.141828173,15.5530904813,13.0379946457,10.5978138239,8.2257862845,5.9265047673,3.7373846969,1.7214300702,-0.0727827243,-1.6518750681,-3.0845000745,-4.4739579242,-5.9235792365,-7.5022417655,-9.2121084063,-10.9808867894,-12.6797681337,-14.1497439355,-15.2279341981,-15.7712838182,-15.6746081836,-14.8771043146,-13.3569316382,-11.1267465232,-8.2403005228,-4.803033399,-0.9717482465,3.0620875173,7.1057869995,11.0072074244,14.6853084368,18.1291560349,21.3665044962,24.4214294141,27.2839852042,29.9003865248,32.1811281718,34.0187588669,35.3074776163,35.9608387973,35.9290210409,35.216317202,33.8901318268,32.0685203686,29.8863817851
CP119,52.3058481216,53.0226900182,54.3657285771,55.0989336187,54.1676801658,52.6928414929,50.5193117345,47.8995685156,45.1704697699,41.8451867651,38.1875390303,34.3582454749,30.5678708918,26.9428297751,23.3324191227,19.9246137958,16.7507661178,13.7089813014,10.7067272653,7.7536212632,4.8152933328,1.6826971354,-1.2815911555,-3.5480405009,-5.4399734446,-6.7960041344,-7.1950059775,-6.8085892764,-5.2614594649,-2.6017827109,0.8210807313,4.5716431694,8.6214376952,13.3710227195,18.6172246793,22.8431942515,26.963495629,30.6514178512,33.8756519975,36.9715635846,39.8508743102,42.3862535535,44.6651018162,46.3786047977,47.6490115739,48.3856470078,48.4561747349,48.307253404,48.305564576,48.3361061774,48.2721986771
CP120,27.1825046539,26.337355323,26.1844719025,26.6589390872,27.7019322999,29.2642973976,31.2352724118,33.4231087277,35.6222763677,37.649590923,39.3646729745,40.7190184635,41.7203698401,42.4073813451,42.8667424194,43.1629734233,43.2368509,42.9480454385,42.2191399866,41.1010204721,39.7337762556,38.2933834661,36.9841694638,35.9835049392,35.3605524872,35.0667642343,34.9957508298,35.0784991452,35.2937083308,35.5596884832,35.7438837511,35.8072297265,35.8636749202,36.1029346804,36.6880340269,37.6920933479,39.1257855746,41.0225916895,43.2572190128,45.4467822704,47.0433934552,47.5574022108,46.8245678851,44.9960894558,42.4571866281,39.6676478689,36.8986458331,34.2616505268,31.871285688,29.9072299955,28.5888347626
CP124,31.9349060059,27.0644047878,23.550451484,21.6059266461,20.6943576015,19.9309974631,18.8218462521,17.5189870328,16.1592576368,14.6492072612,12.9533270669,11.1872169655,9.478287507,7.9554206935,6.7295017684,5.7086143991,4.7152343351,3.7186694483,2.8237576757,2.1043975172,1.5262076954,0.940683534,0.2143250567,-0.5150239227,-0.9041028433,-0.7549152195,-0.0752260399,1.0634840821,2.5489813859,4.2646182402,6.1200022957,8.091130219,10.2773976473,12.7768630762,15.5897313835,18.6795013699,22.0250810511,25.6642242122,29.6399558025,33.9201038192,38.3557280091,42.6271172128,46.3091860252,49.0016990522,50.3994820486,50.2803201848,48.495358063,45.0375422807,40.1358841215,34.3254211808,28.5252857208
CP125,44.7192026774,44.5590020658,44.1174323668,43.1641349437,41.8563878264,40.2779698055,38.3491099445,35.94154786,33.0332133196,29.8363911285,26.6516623382,23.6847541162,20.9752354853,18.4062178483,15.7763264891,12.9162480159,9.7896110761,6.4990698591,3.2090269912,0.0711554392,-2.8015791599,-5.3276517896,-7.4353926843,-9.0631991316,-10.1694355176,-10.7134023208,-10.619572374,-9.7564286687,-7.9564126375,-5.0908308622,-1.1765071203,3.5634144353,8.752098582,13.9871397605,18.9565279507,23.4994571315,27.6032609876,31.3565229564,34.8883300683,38.2990047902,41.5868513191,44.6077592238,47.1140103734,48.8395832826,49.580731268,49.2883654763,48.1708535549,46.706542073,45.4621306807,44.8318625216,44.8622639974
CP138,43.3172168732,39.8287145207,37.4295364901,36.0493113782,35.0550542443,33.9770380933,32.83585547,31.6558662184,30.296842035,28.8087010449,27.3492961025,25.9018052616,24.3730133529,22.7574139922,21.0915875331,19.3639577219,17.5761540945,15.8120889251,14.183660339,12.7247357466,11.4130863133,10.2398887715,9.2252431084,8.4192321599,7.9056161961,7.7149736079,7.8014021141,8.1212793967,8.6907746655,9.5818185977,10.8381484688,12.4379029937,14.3450517484,16.550606369,19.0410500034,21.7837182156,24.7752422124,28.0155074063,31.4133013963,34.8055388742,38.0878956628,41.2679018635,44.3518152876,47.2100144327,49.5451203392,51.0207790292,51.4394054347,50.7351443377,48.8696932293,45.9468763475,42.391084671
CP143,37.2071151733,33.4633903613,30.8937845369,28.6870730666,26.1637618601,23.4343018659,21.0887420833,19.3416820899,17.9136598649,16.4991086885,14.9902423694,13.3816268789,11.6655029954,9.8745505922,8.1042708026,6.4635255338,5.0262969296,3.8024972994,2.7581490346,1.8599413675,1.1109815352,0.5578464656,0.235681289,0.1104371214,0.0795638144,0.002533551,-0.2039762435,-0.4460821917,-0.5455896723,-0.4210066983,-0.0787867967,0.5243241476,1.5115573491,2.9971321273,5.0438791364,7.685620553,10.9456632616,14.8185805834,19.2449081162,24.12502274,29.3530827807,34.8318469103,40.4734257412,46.0995144981,51.2672729596,55.1765304844,56.7854686883,55.2631535497,50.6333413552,44.1763896832,37.9215965271
CP148,40.0617396037,36.316770695,34.0589684996,33.0685251332,32.3191415969,30.9992345868,29.262430025,27.6953301486,26.4388543166,25.2719534715,24.0410306854,22.6856567503,21.1495435098,19.4061230886,17.4857279236,15.4720318722,13.467850359,11.5421450942,9.7134239704,7.964402815,6.2794681877,4.7095273514,3.4042853358,2.5238551695,2.0923901754,2.0522252507,2.4209184536,3.2625277824,4.5187989796,6.0487672822,7.8187428031,9.8699861924,12.2891616282,15.2625760418,18.7805796665,22.5118205647,26.1013802608,29.4512750351,32.6626434067,35.8641371034,39.1200137211,42.4150141585,45.6345880558,48.5224558001,50.7334347935,51.944543785,51.9381428778,50.6228351164,48.0830940379,44.7077509804,41.2065963745
CP149,57.5623683929,54.7733778696,52.3458286937,50.0114931243,47.3867332865,44.2997535446,40.8574919121,37.3510278127,33.9866056327,30.7047653827,27.4007551352,24.1602454217,21.1552394534,18.4331033237,15.8958204086,13.4187210522,10.9501045601,8.5576476394,6.4234814875,4.7660138563,3.7186060879,3.2682509187,3.294249868,3.6562683493,4.2768134609,5.1794284433,6.437233742,8.0757294769,10.0511659395,12.2989520052,14.7121271072,17.0629194432,19.0698531798,20.6667461413,22.2249530815,24.3099171535,27.2719573677,31.1717859249,35.6415503495,40.0990989395,44.3077270521,48.3428967009,52.2751295396,55.9556106683,59.0330397774,61.1310651566,62.048238801,61.8388027518,60.7219216098,58.937618144,56.6827468872
CP150,44.9087753296,43.0260624159,40.9745966158,39.1592485791,37.5265260098,35.9835764672,34.5347000827,33.1332049247,31.7566815854,30.1798315489,28.5830542504,27.0415447892,25.452514732,24.0988130208,23.0289820559,22.1245441082,21.3379114805,20.5710784315,19.721706331,18.7034944404,17.4391465914,16.1150740937,14.8226817615,13.5133362946,12.2984580551,11.3138290797,10.7996575091,11.2787866373,12.3474817532,13.8277289959,15.869498494,18.0855219253,20.5395307122,23.4678862836,26.6329204244,29.9830603887,33.6186407357,37.1617492133,40.7470299802,44.2205575196,47.0236012286,49.3840060754,51.3356654165,52.4583776614,52.7862458025,52.3957330153,51.2864675094,49.736836285,47.858675693,45.6193783656,43.1395349503
CP151,56.1581293742,52.5719569646,49.9965500047,48.2391382309,46.655348461,44.6182477731,41.9728346067,39.1546544837,36.7627473806,34.9674794711,33.4347808988,31.7277467218,29.7090702771,27.5485900433,25.4553828864,23.492375921,21.6029059162,19.7396487829,17.9496528707,16.354639307,15.0623213435,14.1140353356,13.5022325565,13.1944857826,13.1341501088,13.251636823,13.5094025824,13.9421716765,14.6395043459,15.704204171,17.2560305276,19.4208233825,22.295263767,25.9129460038,30.1877215963,34.9175188142,39.8819106444,44.9272554422,49.9589852014,54.8824928092,59.5654210022,63.8283827418,67.4388999986,70.1073912743,71.5348498615,71.5066740172,69.964750187,67.0305592973,63.0285502516,58.5141832181,54.187151591
CP38,59.6682853699,57.8694363347,57.3460908856,57.195041502,56.4464064659,54.7668463303,52.1342091931,48.5396049838,44.2863234518,39.6493115102,34.7775883534,30.1925130216,26.4500371665,23.6184837437,21.3671846201,19.3558279798,17.4082291754,15.419958775,13.3766455281,11.2322062463,8.852131696,6.2393380564,3.6494948569,1.3966178843,-0.3151624767,-1.3492363862,-1.6148722596,-1.1402604972,-0.07206319110000001,1.4404324361,3.3703907094,5.7368365263,8.5655871887,11.8814543693,15.6622056069,19.7763689284,24.1662196831,28.9566333435,34.2290116201,39.898305606,45.7500537682,51.4415521696,56.6245613482,61.0928039781,64.7148150286,67.2914810322,68.5575662793,68.2788931886,66.4239194303,63.4878446999,60.6554489136
CP40,42.5879066467,40.8362838169,39.1284730194,38.4989937489,37.9524319672,35.9101682363,34.6380304096,34.0990324117,32.0836291566,28.7356957874,26.0185560028,23.8564688668,21.642546661,19.0241364985,15.9636416547,12.5518986009,9.0759722491,5.8189618112,3.0242311938,0.8244048731,-0.9961078967,-2.4757088988,-3.7502892858,-4.77393674,-5.5673923606,-6.1444733745,-6.3818222709,-5.9434014567,-5.1157670504,-4.2192773552,-3.012013797,-0.9646819345,1.7437115931,4.4529051877,7.1181062203,10.2573615868,14.0387567575,18.4476106355,23.0062799458,27.5382004219,32.1978173115,36.830210675,40.9461012972,44.5381729203,47.5229168209,49.9407139339,51.5067304677,51.912289702,50.7770346246,48.1346026058,45.1897789001
CP47,39.880859375,39.2824436862,38.4321206372,37.205808948,35.6521772739,33.8648651235,31.8746146682,29.6993668182,27.4130325817,25.1349341464,22.9687275093,20.9601088076,19.093886766,17.3216322738,15.6019010128,13.9166769347,12.2477330105,10.5482141361,8.7488632722,6.7932196493,4.6778161712,2.4762429563,0.3380313597,-1.5365858864,-2.94384169,-3.7225969167,-3.7749052387,-3.0663495593,-1.6167658086,0.5155826144,3.2437586566,6.4392940675,9.9213921033,13.4741477343,16.8840320104,20.0043847276,22.8179097781,25.438047237,28.0293892107,30.689594875,33.3970594595,36.037611363,38.4402514199,40.4094972618,41.7715644917,42.4350478073,42.4526149113,42.037208387,41.4852801095,41.0214909136,40.6588350932
CP52,47.2695770264,47.7109352609,47.8393688366,47.8887549596,47.9590394288,47.8852053904,47.3832685628,46.2448325923,44.4781769136,42.272596155,39.8640237518,37.4232314281,35.0207262166,32.6585090522,30.3123690363,27.9501013116,25.5327664123,23.0170231599,20.3641106218,17.5532542057,14.5976750805,11.5618148577,8.5764010509,5.8442438112,3.625217111,2.1919893622,1.7647085769,2.4544248381,4.2435917015,7.0046525378,10.5304221645,14.5565536985,18.7870620919,22.938662276,26.7937084735,30.2305005835,33.2113878143,35.7420897731,37.8334970626,39.4877590418,40.7114351119,41.538121988,42.0363432251,42.3005117601,42.4408533062,42.5765176951,42.8078857857,43.1545173303,43.5236200301,43.7717243227,43.7779140472
CP88,40.0636874608,38.522939846,37.2702012511,36.2871021425,35.652450657,35.3094509045,34.6874881343,32.9471441747,30.3846821339,27.6482370121,25.2255466182,23.344182116,21.9274682947,20.6720788708,19.4250812867,17.9568077448,16.2569952674,14.3917162368,12.3834544074,10.2031762037,7.9325348024,5.6681352457,3.4277547146,1.3386131046,-0.2733589354,-1.0351186975,-1.068965846,-0.238466965,1.5689056948,4.3145059195,7.6489730349,11.120598648,14.5303136283,17.9025605671,21.3441134013,24.7841603852,28.2494425218,31.7051196161,35.0111825071,38.0780244972,40.7808370328,42.9786942731,44.6881289597,45.8841113069,46.2444158023,45.9482532119,45.0168472941,43.7014657714,42.0946194745,40.3802505659,38.751663208
CP95,34.0230682373,33.5143098174,33.1725793868,32.7345078673,32.0817536341,31.1928521927,30.023351947,28.4991600329,26.6071213585,24.4332373305,22.1301166782,19.8664471383,17.7958342076,16.0211355182,14.5447133936,13.2769127425,12.1058325333,10.9455454663,9.7340288413,8.4110714208,6.9157947891,5.2190795115,3.3642706511,1.4817420756,-0.237516975,-1.6012086434,-2.4694489767,-2.7704834681,-2.4875410275,-1.6505852071,-0.3332464599,1.3708900809,3.3760828443,5.6311331061,8.1311713448,10.8930685349,13.9193435868,17.1706238096,20.5582006835,23.956042932,27.2126959288,30.1695904589,32.6901135745,34.6765925007,36.0580158435,36.7674867285,36.759735328,36.092003367,35.0022112676,33.8694315457,33.0273132324
CP101,40.9316571554,37.8936466987,34.9287050512,32.3952336619,30.418927917,28.7230517872,26.8219442222,24.6559651012,22.6661325419,21.1473242109,19.883640359,18.5799980152,17.1840998516,15.7360271488,14.2129170537,12.6210787581,11.0346841367,9.5330985757,8.1439148221,6.841179888,5.6055606421,4.4828553713,3.5392304222,2.8049543742,2.3288795747,2.1297328652,2.1767147893,2.4435677277,2.9145958486,3.5748998115,4.4788881241,5.8127018212,7.7171607694,10.1127380557,12.8053353279,15.7046173934,18.8485229169,22.2827521868,25.9839674195,29.8949282061,33.9512151105,38.0298845064,41.9373734328,45.4408222951,48.2918848225,50.2656462395,51.1954655819,50.9548428008,49.4509756488,46.7100077203,43.0046539307
CP103,39.1259248522,36.5903508662,34.8591786609,32.4213778111,28.4537076962,25.4043960105,23.0263981037,20.2271131243,17.2535637708,15.2518470817,13.8220026982,12.4368546488,11.161271447,9.9885182873,8.6420275156,7.3084847169,6.0076605361,4.7258747756,3.2001433174,1.3342162222,-0.7193576647,-2.7461160149,-4.4940476714,-5.8400043745,-6.6034632961,-6.6313770916,-5.7190887949,-3.9987406491,-1.6787708414,1.3075424011,4.9655481676,9.1803729279,13.6471597359,18.0750838415,22.1739704089,26.0451143679,29.808449327,33.548945787,37.1712957957,40.5241869247,43.7311928925,46.4493610978,48.4122608636,49.4706805037,49.659566427,49.0677048266,47.8758093084,46.1701750201,43.9917703126,41.3905484788,38.2653367784
CP152,42.4297466278,40.1026817909,36.7553498227,33.4088561466,30.922121803,27.7535060099,24.6400117237,21.5444258239,18.5613481453,16.1170651929,14.2888230675,12.9668081913,11.8584097947,10.6471823935,9.3608119046,8.0433533573,6.7683372778,5.4793725417,4.171140435,2.845514038,1.4883757762,0.0591310518,-1.2963275161,-2.3745601787,-2.9737617428,-2.9976976911,-2.5170272746,-1.5618413575,-0.0474339066,2.3314392276,5.6518274112,9.6153910971,14.0164515705,18.4774132064,22.8730453473,27.1635756853,31.3240824456,35.2268805262,38.8765579221,42.2628563953,45.3284012901,48.0298541076,50.0879944615,51.460756839,52.0918284498,51.8687220918,50.9333599312,49.5376063032,47.9458124713,46.3195905449,44.3770319621
CP170,27.0452229182,26.0609298469,25.3425775427,24.6809583935,23.5062081552,21.7473872276,20.0115631481,18.636351939,17.36751333,15.730538278,13.6143076956,11.3117827919,9.1176090917,7.1467200488,5.3819634361,3.7306721614,2.0629248262,0.2686104975,-1.6873580692,-3.7640555919,-5.8736668376,-7.900103466,-9.7092509912,-11.1614869433,-12.1220876741,-12.4796206305,-12.1767895689,-11.2282680205,-9.7093273305,-7.6818478436,-5.1273922942,-2.014816637,1.5584230061,5.2846526779,8.8032631895,11.9883216319,14.920949705,17.6776382515,20.2783925148,22.6982363422,24.8655326822,26.6707030995,27.9980253985,28.7798830392,29.0439069198,28.9097778032,28.5326284384,28.0413101916,27.4576780103,26.7271021878,25.9057648977
CP195,43.0941133499,41.6036540911,40.0142153377,38.3683408086,36.6800868872,34.9485942,33.1657630568,31.3164886823,29.3791854884,27.3330617814,25.1685985913,22.891822608,20.5199868388,18.0729521459,15.5653463229,13.0015769247,10.3753188435,7.6760618269,4.9031383283,2.08528309,-0.7003087851,-3.319912392,-5.5951122103,-7.3351428243,-8.3762353118,-8.6079507257,-7.9744436928,-6.4592502008,-4.0724655113,-0.8527866173,3.1129527521,7.6619621127,12.5438891024,17.4488291699,22.0755421695,26.2092546302,29.7586735431,32.7334959039,35.1967452558,37.226960613,38.8972502788,40.2671455607,41.3804378938,42.260020793,42.8943247023,43.2290316884,43.1898373172,42.7334352967,41.8759344942,40.6780592592,39.2204027176
CP83,29.3898493449,28.8191728048,28.8006332614,28.8066467503,28.4253043861,27.5055173682,26.0883104834,24.2496308125,22.013928354,19.3962365779,16.4905739462,13.4900970539,10.6128450949,7.9994639063,5.6586247173,3.4932483404,1.3839101817,-0.7223731564,-2.7587509597,-4.539495965,-5.8184567535,-6.3868851208,-6.1695058795,-5.2540232522,-3.8270071597,-2.0759449023,-0.1401711419,1.8736996915,3.9001461117,5.9758855443,8.2506131939,10.9220084691,14.1303654167,17.8647077766,21.9272822203,25.9830028821,29.6895679956,32.8386803261,35.43355811,37.6491295452,39.6620110512,41.4514066093,42.7258027257,43.0462392885,42.0825725503,39.8246151765,36.644052639,33.2143635668,30.2921913345,28.4255907362,27.7515875498
CP98,37.9603296916,35.1695778787,32.530528949,29.9714074795,27.427589916,24.9726375615,22.8047371334,21.0640370887,19.6823429895,18.4442345819,17.1789325931,15.8531742425,14.5243901334,13.2480105772,12.0389707752,10.885544632,9.7664278077,8.65762876,7.5404592648,6.4245625002,5.3725399693,4.4984702019,3.9391224523,3.8216983404,4.2458783295,5.281012729,6.9695597686,9.3282196466,12.3384389611,15.9368333253,20.0055730165,24.3761845278,28.8635720898,33.31151875,37.6066469373,41.6525502443,45.3458727287,48.5847430813,51.2990102652,53.4700438014,55.1182268245,56.2636620538,56.8915502019,56.9491033961,56.3693723031,55.1035895152,53.1505025691,50.5697701859,47.4832222504,44.0790278314,40.6010907491
